ID,Data,Dia,Horario,Fuso,Canal,Formato,Pilar,Titulo,Objetivo_CTA,Publico,Funil,CTA,KPI,Arquivo_arte,Status,Dependencia,Responsavel,Janela
PUB-001,22/07/2026,Quarta-feira,12:30,America/Sao_Paulo,Feed,Carrossel 4:5,Infraestrutura,"Capturar, programar, escalar",Conheça a SE7EN PAY,Mercado,Descoberta,Conheça a SE7EN PAY,Alcance,src/PUB-001/assets/PUB-001_p01_v45.jpg,Pronto,-,Social/Design,RECOMMENDED_INITIAL_TEST_WINDOW
PUB-004,23/07/2026,Quinta-feira,12:30,America/Sao_Paulo,Feed,Carrossel 4:5,Margem Programável,Glossário SE7EN parte 1,Salve para consultar,Novos LAs,Consideração,Salve para consultar,Saves,src/PUB-004/assets/PUB-004_p01_v45.jpg,Pronto,-,Social/Design,RECOMMENDED_INITIAL_TEST_WINDOW
PUB-003,25/07/2026,Sábado,12:30,America/Sao_Paulo,Feed,Estático 4:5 + 1:1,Infraestrutura,A SE7EN não vende tecnologia,Fale com a SE7EN PAY,Mercado,Descoberta,Fale com a SE7EN PAY,Alcance,src/PUB-003/assets/PUB-003_p01_v45.jpg,Pronto,-,Social/Design,RECOMMENDED_INITIAL_TEST_WINDOW
PUB-005,29/07/2026,Quarta-feira,12:30,America/Sao_Paulo,Feed,Carrossel 4:5,Quanto Sobra,Taxa não é custo: é margem operacional,Fale com a SE7EN PAY,EC,Consideração,Fale com a SE7EN PAY,Saves,src/PUB-005/assets/PUB-005_p01_v45.jpg,Pronto,-,Social/Design,RECOMMENDED_INITIAL_TEST_WINDOW
PUB-002,30/07/2026,Quinta-feira,12:30,America/Sao_Paulo,Feed,Carrossel 4:5,Infraestrutura,"Infraestrutura de monetização, explicada",Conheça a SE7EN PAY,Prospects,Descoberta,Conheça a SE7EN PAY,Alcance,src/PUB-002/assets/PUB-002_p01_v45.jpg,Pronto,-,Social/Design,RECOMMENDED_INITIAL_TEST_WINDOW
PUB-009,01/08/2026,Sábado,12:30,America/Sao_Paulo,Feed,Estático 4:5,Margem Programável,"Take rate, o termômetro",Acompanhe o seu take rate,LA/EC,Consideração,Acompanhe o seu take rate,Saves,src/PUB-009/assets/PUB-009_p01_v45.jpg,Pronto,-,Social/Design,RECOMMENDED_INITIAL_TEST_WINDOW
PUB-014,02/08/2026,Domingo,19:00,America/Sao_Paulo,Feed,Estático 4:5,Gente SE7EN,Pessoas no centro de tudo,Conheça a SE7EN PAY,Comunidade,Relacionamento,Conheça a SE7EN PAY,Interações,src/PUB-014/assets/PUB-014_p01_v45.jpg,Pronto,-,Social/Design,RECOMMENDED_INITIAL_TEST_WINDOW
PUB-007,05/08/2026,Quarta-feira,12:30,America/Sao_Paulo,Feed,Carrossel 4:5,Margem Programável,O que é margem programável,Aprenda como funciona,LA,Consideração,Aprenda como funciona,Saves,src/PUB-007/assets/PUB-007_p01_v45.jpg,Pronto,-,Social/Design,RECOMMENDED_INITIAL_TEST_WINDOW
PUB-008,06/08/2026,Quinta-feira,12:30,America/Sao_Paulo,Feed,Carrossel 4:5,O Licenciado,O que é uma carteira de ECs,Fale sobre licenciamento,LA potencial,Consideração,Fale sobre licenciamento,Saves,src/PUB-008/assets/PUB-008_p01_v45.jpg,Pronto,-,Social/Design,RECOMMENDED_INITIAL_TEST_WINDOW
PUB-010,08/08/2026,Sábado,12:30,America/Sao_Paulo,Feed,Carrossel 4:5,Quanto Sobra,3 perguntas antes de escolher sua captura,Fale com a SE7EN PAY,EC,Consideração,Fale com a SE7EN PAY,Saves,src/PUB-010/assets/PUB-010_p01_v45.jpg,Pronto,-,Social/Design,RECOMMENDED_INITIAL_TEST_WINDOW
PUB-015,09/08/2026,Domingo,19:00,America/Sao_Paulo,Feed,Estático 4:5,Confiança & Segurança,Como a SE7EN fala com você,Salve este aviso,EC/LA,Confiança,Salve este aviso,Saves,src/PUB-015/assets/PUB-015_p01_v45.jpg,Pronto,-,Social/Design,RECOMMENDED_INITIAL_TEST_WINDOW
PUB-006,12/08/2026,Quarta-feira,12:30,America/Sao_Paulo,Feed,Carrossel 4:5,Margem Programável,Glossário SE7EN parte 2,Salve o glossário completo,LAs,Consideração,Salve o glossário completo,Saves,src/PUB-006/assets/PUB-006_p01_v45.jpg,Pronto,-,Social/Design,RECOMMENDED_INITIAL_TEST_WINDOW
PUB-011,13/08/2026,Quinta-feira,12:30,America/Sao_Paulo,Feed,Estático 4:5,Confiança & Segurança,Operação em tempo real,Saiba mais,EC/LA,Consideração,Saiba mais,Saves,src/PUB-011/assets/PUB-011_p01_v45.jpg,Pronto,-,Social/Design,RECOMMENDED_INITIAL_TEST_WINDOW
PUB-012,15/08/2026,Sábado,12:30,America/Sao_Paulo,Feed,Carrossel 4:5,Infraestrutura,O que significa escalar,Conheça a SE7EN PAY,LA/Mercado,Descoberta,Conheça a SE7EN PAY,Alcance,src/PUB-012/assets/PUB-012_p01_v45.jpg,Pronto,-,Social/Design,RECOMMENDED_INITIAL_TEST_WINDOW
PUB-013,16/08/2026,Domingo,19:00,America/Sao_Paulo,Feed,Carrossel 4:5,O Licenciado,Ser Licenciado é operar com método,Fale sobre licenciamento,LA,Consideração,Fale sobre licenciamento,Saves,src/PUB-013/assets/PUB-013_p01_v45.jpg,Pronto,-,Social/Design,RECOMMENDED_INITIAL_TEST_WINDOW
PUB-016,21/08/2026,Sexta-feira,12:30,America/Sao_Paulo,Feed,Carrossel 4:5,Quanto Sobra,Você olha a taxa. Ela olha a margem operacional,Peça um diagnóstico de margem,EC,Consideração,Peça um diagnóstico de margem,Saves,src/PUB-016/assets/PUB-016_p01_v45.jpg,Pronto,-,Social/Design,REF_LIBBERPAY_BATCH
PUB-017,23/08/2026,Domingo,12:30,America/Sao_Paulo,Feed,Estático 4:5,Quanto Sobra,O custo que não aparece na taxa,Fale com a SE7EN PAY,EC,Descoberta,Fale com a SE7EN PAY,Alcance,src/PUB-017/assets/PUB-017_p01_v45.jpg,Pronto,-,Social/Design,REF_LIBBERPAY_BATCH
PUB-018,25/08/2026,Terça-feira,12:30,America/Sao_Paulo,Feed,Carrossel 4:5,Quanto Sobra,Quanto sobra no fim do mês (exemplo hipotético),Comente CÁLCULO,EC/LA,Consideração,Comente CÁLCULO,Saves,src/PUB-018/assets/PUB-018_p01_v45.jpg,Pronto,-,Social/Design,REF_LIBBERPAY_BATCH
PUB-019,27/08/2026,Quinta-feira,12:30,America/Sao_Paulo,Feed,Carrossel 4:5,Margem Programável,Para onde vai cada centavo de uma venda,Aprenda como funciona,LA/EC,Descoberta,Aprenda como funciona,Saves,src/PUB-019/assets/PUB-019_p01_v45.jpg,Pronto,-,Social/Design,REF_LIBBERPAY_BATCH
PUB-020,29/08/2026,Sábado,12:30,America/Sao_Paulo,Feed,Carrossel 4:5,O Licenciado,Opere pagamentos com a sua marca,Fale sobre licenciamento,LA,Consideração,Fale sobre licenciamento,Leads,src/PUB-020/assets/PUB-020_p01_v45.jpg,Pronto,-,Social/Design,REF_LIBBERPAY_BATCH
PUB-021,31/08/2026,Segunda-feira,12:30,America/Sao_Paulo,Feed,Estático 4:5,Infraestrutura,A SE7EN PAY não vende tecnologia,Conheça a SE7EN PAY,Mercado,Descoberta,Conheça a SE7EN PAY,Alcance,src/PUB-021/assets/PUB-021_p01_v45.jpg,Pronto,-,Social/Design,REF_LIBBERPAY_BATCH
PUB-022,02/09/2026,Quarta-feira,12:30,America/Sao_Paulo,Feed,Carrossel 4:5,Quanto Sobra,Reforma tributária e a sua margem,Comente REFORMA,EC/LA,Descoberta,Comente REFORMA,Saves,src/PUB-022/assets/PUB-022_p01_v45.jpg,Pronto,-,Social/Design,REF_LIBBERPAY_BATCH
PUB-023,01/10/2026,Quinta-feira,12:30,America/Sao_Paulo,Feed,Carrossel 4:5,O Licenciado,O dia de quem opera pagamentos.,Salve para lembrar,Novos LAs,Consideração,Salve para lembrar,Saves,src/PUB-023/assets/PUB-023_p01_v45.jpg,Pronto,-,Mila (gi-marketing),LOTE_2026_10
PUB-024,03/10/2026,Sábado,12:30,America/Sao_Paulo,Feed,Estático 4:5,Infraestrutura,Três aplicativos. Uma operação.,Conheça os aplicativos,Mercado,Descoberta,Conheça os aplicativos,Alcance,src/PUB-024/assets/PUB-024_p01_v45.jpg,Pronto,-,Mila (gi-marketing),LOTE_2026_10
PUB-025,06/10/2026,Terça-feira,12:30,America/Sao_Paulo,Feed,Carrossel 4:5,Margem Programável,Glossário SE7EN parte 3.,Salve para consultar,Novos LAs,Consideração,Salve para consultar,Saves,src/PUB-025/assets/PUB-025_p01_v45.jpg,Pronto,-,Mila (gi-marketing),LOTE_2026_10
PUB-026,08/10/2026,Quinta-feira,12:30,America/Sao_Paulo,Feed,Carrossel 4:5,Confiança & Segurança,Chargeback e MED: o que fazer.,Salve para quando precisar,ECs e LAs,Consideração,Salve para quando precisar,Saves,src/PUB-026/assets/PUB-026_p01_v45.jpg,Pronto,-,Mila (gi-marketing),LOTE_2026_10
PUB-027,10/10/2026,Sábado,12:30,America/Sao_Paulo,Feed,Estático 4:5,Quanto Sobra,Uma taxa só.,Fale com um licenciado,ECs,Consideração,Fale com um licenciado,Alcance,src/PUB-027/assets/PUB-027_p01_v45.jpg,Pronto,-,Mila (gi-marketing),LOTE_2026_10
PUB-028,13/10/2026,Terça-feira,12:30,America/Sao_Paulo,Feed,Carrossel 4:5,O Licenciado,A carreira do licenciado tem degraus.,Conheça o plano de carreira,Novos LAs,Consideração,Conheça o plano de carreira,Saves,src/PUB-028/assets/PUB-028_p01_v45.jpg,Pronto,-,Mila (gi-marketing),LOTE_2026_10
PUB-029,24/09/2026,Quinta-feira,20:15,America/Sao_Paulo,Feed,Carrossel 4:5,Infraestrutura,O caminho de uma venda.,Salve e compartilhe,Mercado,Descoberta,Salve e compartilhe,Saves,src/PUB-029/assets/PUB-029_p01_v45.jpg,Pronto,-,Mila (gi-marketing),LOTE_2026_10
PUB-030,17/10/2026,Sábado,12:30,America/Sao_Paulo,Feed,Estático 4:5,Confiança & Segurança,Senha e código são só seus.,Compartilhe,ECs e LAs,Retenção,Compartilhe,Alcance,src/PUB-030/assets/PUB-030_p01_v45.jpg,Pronto,-,Mila (gi-marketing),LOTE_2026_10
PUB-031,20/10/2026,Terça-feira,12:30,America/Sao_Paulo,Feed,Carrossel 4:5,Quanto Sobra,Três sinais de margem escapando.,Confira a sua operação,ECs,Consideração,Confira a sua operação,Saves,src/PUB-031/assets/PUB-031_p01_v45.jpg,Pronto,-,Mila (gi-marketing),LOTE_2026_10
PUB-032,22/10/2026,Quinta-feira,12:30,America/Sao_Paulo,Feed,Carrossel 4:5,Margem Programável,Conciliar é conferir.,Salve para consultar,LAs e ECs,Consideração,Salve para consultar,Saves,src/PUB-032/assets/PUB-032_p01_v45.jpg,Pronto,-,Mila (gi-marketing),LOTE_2026_10
PUB-033,24/10/2026,Sábado,12:30,America/Sao_Paulo,Feed,Estático 4:5,O Licenciado,Sua marca. Nossa infraestrutura.,Conheça o white label,Operações com volume,Decisão,Conheça o white label,Alcance,src/PUB-033/assets/PUB-033_p01_v45.jpg,Pronto,-,Mila (gi-marketing),LOTE_2026_10
PUB-034,27/10/2026,Terça-feira,12:30,America/Sao_Paulo,Feed,Carrossel 4:5,Relacionamento,Os canais oficiais da SE7EN PAY.,Salve os canais oficiais,ECs e LAs,Retenção,Salve os canais oficiais,Saves,src/PUB-034/assets/PUB-034_p01_v45.jpg,Pronto,-,Mila (gi-marketing),LOTE_2026_10
PUB-202610-01,01/10/2026,Quinta-feira,09:00,America/Sao_Paulo,Feed,Estático 4:5,Estabelecimento comercial,Mito e verdade ponto de captura Pix,Fale com um licenciado SE7EN PAY,"lojistas, prestadores de serviço, comércio de bairro e redes",Consideração,Fale com um licenciado SE7EN PAY,Alcance,src/PUB-202610-01/assets/PUB-202610-01_p01_v45.jpg,Pronto,-,Mila (gi-marketing),LOTE_2026_10
PUB-202610-02,01/10/2026,Quinta-feira,18:30,America/Sao_Paulo,Feed,Carrossel 4:5,Licenciamento,Carreira de Licenciado SE7EN PAY,Comente CARREIRA para receber o resumo de como funciona a carreira de licenciado no direct.,quem quer empreender em meios de pagamento e construir uma carteira própria,Consideração,Comente CARREIRA para receber o resumo de como funciona a carreira de licenciado no direct.,Saves,src/PUB-202610-02/assets/PUB-202610-02_p01_v45.jpg,Pronto,-,Mila (gi-marketing),LOTE_2026_10
PUB-202610-03,27/09/2026,Domingo,07:28,America/Sao_Paulo,Reels,Reels 9:16,Estabelecimento comercial,TEF integrado ao PDV e ERP,Fale com um licenciado SE7EN PAY,"lojistas, prestadores de serviço, comércio de bairro e redes",Consideração,Fale com um licenciado SE7EN PAY,Alcance,src/PUB-202610-03/assets/PUB-202610-03_p01_reel.mp4,Pronto,-,Mila (gi-marketing),LOTE_2026_10
PUB-202610-04,02/10/2026,Sexta-feira,12:30,America/Sao_Paulo,Feed,Carrossel 4:5,Licenciamento,Plano de Carreira Licenciados,Seja licenciado SE7EN PAY,quem quer empreender em meios de pagamento e construir uma carteira própria,Consideração,Seja licenciado SE7EN PAY,Saves,src/PUB-202610-04/assets/PUB-202610-04_p01_v45.jpg,Pronto,-,Mila (gi-marketing),LOTE_2026_10
PUB-202610-05,02/10/2026,Sexta-feira,18:30,America/Sao_Paulo,Feed,Estático 4:5,Estabelecimento comercial,Margem clara no checkout,Fale com um licenciado SE7EN PAY,"lojistas, prestadores de serviço, comércio de bairro e redes",Consideração,Fale com um licenciado SE7EN PAY,Alcance,src/PUB-202610-05/assets/PUB-202610-05_p01_v45.jpg,Pronto,-,Mila (gi-marketing),LOTE_2026_10
PUB-202610-06,03/10/2026,Sábado,09:00,America/Sao_Paulo,Feed,Carrossel 4:5,Licenciamento,Fluxo de receita do licenciado,Seja licenciado SE7EN PAY,quem quer empreender em meios de pagamento e construir uma carteira própria,Consideração,Seja licenciado SE7EN PAY,Saves,src/PUB-202610-06/assets/PUB-202610-06_p01_v45.jpg,Pronto,-,Mila (gi-marketing),LOTE_2026_10
PUB-202610-07,03/10/2026,Sábado,18:30,America/Sao_Paulo,Reels,Reels 9:16,Estabelecimento comercial,Clareza na margem do PIX,Fale com um licenciado SE7EN PAY,"lojistas, prestadores de serviço, comércio de bairro e redes",Consideração,Fale com um licenciado SE7EN PAY,Alcance,src/PUB-202610-07/assets/PUB-202610-07_p01_reel.mp4,Pronto,-,Mila (gi-marketing),LOTE_2026_10
PUB-S20261001-1,01/10/2026,Quinta-feira,08:30,America/Sao_Paulo,Story,Story 9:16,Licenciamento,Story: Carreira de Licenciado SE7EN PAY,Comente CARREIRA para receber o resumo de como funciona a carreira de licenciado no direct.,quem quer empreender em meios de pagamento e construir uma carteira própria,Consideração,Comente CARREIRA para receber o resumo de como funciona a carreira de licenciado no direct.,Alcance,src/PUB-S20261001-1/assets/PUB-S20261001-1_p01_story.jpg,Pronto,-,Mila (gi-marketing),LOTE_2026_10
PUB-S20261001-2,01/10/2026,Quinta-feira,13:30,America/Sao_Paulo,Story,Story 9:16,Estabelecimento comercial,Story: Mito e verdade ponto de captura Pix,Fale com um licenciado SE7EN PAY,"lojistas, prestadores de serviço, comércio de bairro e redes",Consideração,Fale com um licenciado SE7EN PAY,Alcance,src/PUB-S20261001-2/assets/PUB-S20261001-2_p01_story.jpg,Pronto,-,Mila (gi-marketing),LOTE_2026_10
PUB-S20261002-1,02/10/2026,Sexta-feira,08:30,America/Sao_Paulo,Story,Story 9:16,Licenciamento,Story: Plano de Carreira Licenciados,Seja licenciado SE7EN PAY,quem quer empreender em meios de pagamento e construir uma carteira própria,Consideração,Seja licenciado SE7EN PAY,Alcance,src/PUB-S20261002-1/assets/PUB-S20261002-1_p01_story.jpg,Pronto,-,Mila (gi-marketing),LOTE_2026_10
PUB-S20261002-2,02/10/2026,Sexta-feira,13:30,America/Sao_Paulo,Story,Story 9:16,Estabelecimento comercial,Story: TEF integrado ao PDV e ERP,Fale com um licenciado SE7EN PAY,"lojistas, prestadores de serviço, comércio de bairro e redes",Consideração,Fale com um licenciado SE7EN PAY,Alcance,src/PUB-S20261002-2/assets/PUB-S20261002-2_p01_story.mp4,Pronto,-,Mila (gi-marketing),LOTE_2026_10
PUB-S20261002-3,02/10/2026,Sexta-feira,20:00,America/Sao_Paulo,Story,Story 9:16,Estabelecimento comercial,Story: Margem clara no checkout,Fale com um licenciado SE7EN PAY,"lojistas, prestadores de serviço, comércio de bairro e redes",Consideração,Fale com um licenciado SE7EN PAY,Alcance,src/PUB-S20261002-3/assets/PUB-S20261002-3_p01_story.jpg,Pronto,-,Mila (gi-marketing),LOTE_2026_10
PUB-S20261003-1,03/10/2026,Sábado,08:30,America/Sao_Paulo,Story,Story 9:16,Licenciamento,Story: Fluxo de receita do licenciado,Seja licenciado SE7EN PAY,quem quer empreender em meios de pagamento e construir uma carteira própria,Consideração,Seja licenciado SE7EN PAY,Alcance,src/PUB-S20261003-1/assets/PUB-S20261003-1_p01_story.jpg,Pronto,-,Mila (gi-marketing),LOTE_2026_10
PUB-S20261003-2,03/10/2026,Sábado,13:30,America/Sao_Paulo,Story,Story 9:16,Estabelecimento comercial,Story: Clareza na margem do PIX,Fale com um licenciado SE7EN PAY,"lojistas, prestadores de serviço, comércio de bairro e redes",Consideração,Fale com um licenciado SE7EN PAY,Alcance,src/PUB-S20261003-2/assets/PUB-S20261003-2_p01_story.mp4,Pronto,-,Mila (gi-marketing),LOTE_2026_10
PUB-202610-08,04/10/2026,Domingo,09:00,America/Sao_Paulo,Feed,Estático 4:5,Licenciamento,Licenciado e margem recorrente,Seja licenciado SE7EN PAY,quem quer empreender em meios de pagamento e construir uma carteira própria,Consideração,Seja licenciado SE7EN PAY,Alcance,src/PUB-202610-08/assets/PUB-202610-08_p01_v45.jpg,Pronto,-,Mila (gi-marketing),LOTE_2026_10
PUB-202610-09,04/10/2026,Domingo,12:30,America/Sao_Paulo,Reels,Reels 9:16,Estabelecimento comercial,Margem clara por venda,Fale com um licenciado SE7EN PAY,"lojistas, prestadores de serviço, comércio de bairro e redes",Consideração,Fale com um licenciado SE7EN PAY,Alcance,src/PUB-202610-09/assets/PUB-202610-09_p01_reel.mp4,Pronto,-,Mila (gi-marketing),LOTE_2026_10
PUB-202610-10,04/10/2026,Domingo,18:30,America/Sao_Paulo,Feed,Carrossel 4:5,Licenciamento,Bastidores do licenciamento SE7EN PAY,Seja licenciado SE7EN PAY,quem quer empreender em meios de pagamento e construir uma carteira própria,Consideração,Seja licenciado SE7EN PAY,Saves,src/PUB-202610-10/assets/PUB-202610-10_p01_v45.jpg,Pronto,-,Mila (gi-marketing),LOTE_2026_10
PUB-202610-14,06/10/2026,Terça-feira,09:00,America/Sao_Paulo,Feed,Carrossel 4:5,Licenciamento,Revenue Share Recorrente para Licenciados,Seja licenciado SE7EN PAY,quem quer empreender em meios de pagamento e construir uma carteira própria,Consideração,Seja licenciado SE7EN PAY,Saves,src/PUB-202610-14/assets/PUB-202610-14_p01_v45.jpg,Pronto,-,Mila (gi-marketing),LOTE_2026_10
PUB-202610-15,06/10/2026,Terça-feira,18:30,America/Sao_Paulo,Reels,Reels 9:16,Estabelecimento comercial,Margem oculta na venda,Fale com um licenciado SE7EN PAY,"lojistas, prestadores de serviço, comércio de bairro e redes",Consideração,Fale com um licenciado SE7EN PAY,Alcance,src/PUB-202610-15/assets/PUB-202610-15_p01_reel.mp4,Pronto,-,Mila (gi-marketing),LOTE_2026_10
PUB-202610-21,09/10/2026,Sexta-feira,09:00,America/Sao_Paulo,Feed,Carrossel 4:5,Estabelecimento comercial,Recorrência e margem clara,Comente MARGEM para receber a conta de quanto sobra de cada venda no direct.,"lojistas, prestadores de serviço, comércio de bairro e redes",Consideração,Comente MARGEM para receber a conta de quanto sobra de cada venda no direct.,Saves,src/PUB-202610-21/assets/PUB-202610-21_p01_v45.jpg,Pronto,-,Mila (gi-marketing),LOTE_2026_10
PUB-202610-22,09/10/2026,Sexta-feira,12:30,America/Sao_Paulo,Feed,Estático 4:5,Licenciamento,Erro comum licenciamento,Seja licenciado SE7EN PAY,quem quer empreender em meios de pagamento e construir uma carteira própria,Consideração,Seja licenciado SE7EN PAY,Alcance,src/PUB-202610-22/assets/PUB-202610-22_p01_v45.jpg,Pronto,-,Mila (gi-marketing),LOTE_2026_10
PUB-202610-23,09/10/2026,Sexta-feira,18:30,America/Sao_Paulo,Reels,Reels 9:16,Estabelecimento comercial,Fluxo de pagamento no restaurante,Fale com um licenciado SE7EN PAY,"lojistas, prestadores de serviço, comércio de bairro e redes",Consideração,Fale com um licenciado SE7EN PAY,Alcance,src/PUB-202610-23/assets/PUB-202610-23_p01_reel.mp4,Pronto,-,Mila (gi-marketing),LOTE_2026_10
PUB-202610-26,11/10/2026,Domingo,09:00,America/Sao_Paulo,Reels,Reels 9:16,Licenciamento,Fluxo de receita do licenciado,Seja licenciado SE7EN PAY,quem quer empreender em meios de pagamento e construir uma carteira própria,Consideração,Seja licenciado SE7EN PAY,Alcance,src/PUB-202610-26/assets/PUB-202610-26_p01_reel.mp4,Pronto,-,Mila (gi-marketing),LOTE_2026_10
PUB-202610-27,11/10/2026,Domingo,12:30,America/Sao_Paulo,Feed,Carrossel 4:5,Estabelecimento comercial,Padaria margens claras,Fale com um licenciado SE7EN PAY,"lojistas, prestadores de serviço, comércio de bairro e redes",Consideração,Fale com um licenciado SE7EN PAY,Saves,src/PUB-202610-27/assets/PUB-202610-27_p01_v45.jpg,Pronto,-,Mila (gi-marketing),LOTE_2026_10
PUB-202610-28,11/10/2026,Domingo,18:30,America/Sao_Paulo,Feed,Estático 4:5,Licenciamento,Universidade Confrapag para licenciados,Seja licenciado SE7EN PAY,quem quer empreender em meios de pagamento e construir uma carteira própria,Consideração,Seja licenciado SE7EN PAY,Alcance,src/PUB-202610-28/assets/PUB-202610-28_p01_v45.jpg,Pronto,-,Mila (gi-marketing),LOTE_2026_10
PUB-202610-29,12/10/2026,Segunda-feira,09:00,America/Sao_Paulo,Feed,Carrossel 4:5,Estabelecimento comercial,Erro comum na divisão de vendas,Fale com um licenciado SE7EN PAY,"lojistas, prestadores de serviço, comércio de bairro e redes",Consideração,Fale com um licenciado SE7EN PAY,Saves,src/PUB-202610-29/assets/PUB-202610-29_p01_v45.jpg,Pronto,-,Mila (gi-marketing),LOTE_2026_10
PUB-202610-30,12/10/2026,Segunda-feira,12:30,America/Sao_Paulo,Feed,Estático 4:5,Licenciamento,Suporte operacional e margem,Seja licenciado SE7EN PAY,quem quer empreender em meios de pagamento e construir uma carteira própria,Consideração,Seja licenciado SE7EN PAY,Alcance,src/PUB-202610-30/assets/PUB-202610-30_p01_v45.jpg,Pronto,-,Mila (gi-marketing),LOTE_2026_10
PUB-202610-31,12/10/2026,Segunda-feira,18:30,America/Sao_Paulo,Reels,Reels 9:16,Estabelecimento comercial,Clareza na margem do caixa,Fale com um licenciado SE7EN PAY,"lojistas, prestadores de serviço, comércio de bairro e redes",Consideração,Fale com um licenciado SE7EN PAY,Alcance,src/PUB-202610-31/assets/PUB-202610-31_p01_reel.mp4,Pronto,-,Mila (gi-marketing),LOTE_2026_10
PUB-S20261004-1,04/10/2026,Domingo,08:30,America/Sao_Paulo,Story,Story 9:16,Licenciamento,Story: Bastidores do licenciamento SE7EN PAY,Seja licenciado SE7EN PAY,quem quer empreender em meios de pagamento e construir uma carteira própria,Consideração,Seja licenciado SE7EN PAY,Alcance,src/PUB-S20261004-1/assets/PUB-S20261004-1_p01_story.jpg,Pronto,-,Mila (gi-marketing),LOTE_2026_10
PUB-S20261004-2,04/10/2026,Domingo,13:30,America/Sao_Paulo,Story,Story 9:16,Estabelecimento comercial,Story: Margem clara por venda,Fale com um licenciado SE7EN PAY,"lojistas, prestadores de serviço, comércio de bairro e redes",Consideração,Fale com um licenciado SE7EN PAY,Alcance,src/PUB-S20261004-2/assets/PUB-S20261004-2_p01_story.mp4,Pronto,-,Mila (gi-marketing),LOTE_2026_10
PUB-S20261004-3,04/10/2026,Domingo,20:00,America/Sao_Paulo,Story,Story 9:16,Licenciamento,Story: Licenciado e margem recorrente,Seja licenciado SE7EN PAY,quem quer empreender em meios de pagamento e construir uma carteira própria,Consideração,Seja licenciado SE7EN PAY,Alcance,src/PUB-S20261004-3/assets/PUB-S20261004-3_p01_story.jpg,Pronto,-,Mila (gi-marketing),LOTE_2026_10
PUB-S20261006-1,06/10/2026,Terça-feira,08:30,America/Sao_Paulo,Story,Story 9:16,Licenciamento,Story: Revenue Share Recorrente para Licenciados,Seja licenciado SE7EN PAY,quem quer empreender em meios de pagamento e construir uma carteira própria,Consideração,Seja licenciado SE7EN PAY,Alcance,src/PUB-S20261006-1/assets/PUB-S20261006-1_p01_story.jpg,Pronto,-,Mila (gi-marketing),LOTE_2026_10
PUB-S20261006-2,06/10/2026,Terça-feira,13:30,America/Sao_Paulo,Story,Story 9:16,Estabelecimento comercial,Story: Margem oculta na venda,Fale com um licenciado SE7EN PAY,"lojistas, prestadores de serviço, comércio de bairro e redes",Consideração,Fale com um licenciado SE7EN PAY,Alcance,src/PUB-S20261006-2/assets/PUB-S20261006-2_p01_story.mp4,Pronto,-,Mila (gi-marketing),LOTE_2026_10
PUB-S20261009-1,09/10/2026,Sexta-feira,08:30,America/Sao_Paulo,Story,Story 9:16,Estabelecimento comercial,Story: Recorrência e margem clara,Comente MARGEM para receber a conta de quanto sobra de cada venda no direct.,"lojistas, prestadores de serviço, comércio de bairro e redes",Consideração,Comente MARGEM para receber a conta de quanto sobra de cada venda no direct.,Alcance,src/PUB-S20261009-1/assets/PUB-S20261009-1_p01_story.jpg,Pronto,-,Mila (gi-marketing),LOTE_2026_10
PUB-S20261009-2,09/10/2026,Sexta-feira,13:30,America/Sao_Paulo,Story,Story 9:16,Estabelecimento comercial,Story: Fluxo de pagamento no restaurante,Fale com um licenciado SE7EN PAY,"lojistas, prestadores de serviço, comércio de bairro e redes",Consideração,Fale com um licenciado SE7EN PAY,Alcance,src/PUB-S20261009-2/assets/PUB-S20261009-2_p01_story.mp4,Pronto,-,Mila (gi-marketing),LOTE_2026_10
PUB-S20261009-3,09/10/2026,Sexta-feira,20:00,America/Sao_Paulo,Story,Story 9:16,Licenciamento,Story: Erro comum licenciamento,Seja licenciado SE7EN PAY,quem quer empreender em meios de pagamento e construir uma carteira própria,Consideração,Seja licenciado SE7EN PAY,Alcance,src/PUB-S20261009-3/assets/PUB-S20261009-3_p01_story.jpg,Pronto,-,Mila (gi-marketing),LOTE_2026_10
PUB-S20261011-1,11/10/2026,Domingo,08:30,America/Sao_Paulo,Story,Story 9:16,Estabelecimento comercial,Story: Padaria margens claras,Fale com um licenciado SE7EN PAY,"lojistas, prestadores de serviço, comércio de bairro e redes",Consideração,Fale com um licenciado SE7EN PAY,Alcance,src/PUB-S20261011-1/assets/PUB-S20261011-1_p01_story.jpg,Pronto,-,Mila (gi-marketing),LOTE_2026_10
PUB-S20261011-2,11/10/2026,Domingo,13:30,America/Sao_Paulo,Story,Story 9:16,Licenciamento,Story: Fluxo de receita do licenciado,Seja licenciado SE7EN PAY,quem quer empreender em meios de pagamento e construir uma carteira própria,Consideração,Seja licenciado SE7EN PAY,Alcance,src/PUB-S20261011-2/assets/PUB-S20261011-2_p01_story.mp4,Pronto,-,Mila (gi-marketing),LOTE_2026_10
PUB-S20261011-3,11/10/2026,Domingo,20:00,America/Sao_Paulo,Story,Story 9:16,Licenciamento,Story: Universidade Confrapag para licenciados,Seja licenciado SE7EN PAY,quem quer empreender em meios de pagamento e construir uma carteira própria,Consideração,Seja licenciado SE7EN PAY,Alcance,src/PUB-S20261011-3/assets/PUB-S20261011-3_p01_story.jpg,Pronto,-,Mila (gi-marketing),LOTE_2026_10
PUB-S20261012-1,12/10/2026,Segunda-feira,08:30,America/Sao_Paulo,Story,Story 9:16,Estabelecimento comercial,Story: Erro comum na divisão de vendas,Fale com um licenciado SE7EN PAY,"lojistas, prestadores de serviço, comércio de bairro e redes",Consideração,Fale com um licenciado SE7EN PAY,Alcance,src/PUB-S20261012-1/assets/PUB-S20261012-1_p01_story.jpg,Pronto,-,Mila (gi-marketing),LOTE_2026_10
PUB-S20261012-2,12/10/2026,Segunda-feira,13:30,America/Sao_Paulo,Story,Story 9:16,Estabelecimento comercial,Story: Clareza na margem do caixa,Fale com um licenciado SE7EN PAY,"lojistas, prestadores de serviço, comércio de bairro e redes",Consideração,Fale com um licenciado SE7EN PAY,Alcance,src/PUB-S20261012-2/assets/PUB-S20261012-2_p01_story.mp4,Pronto,-,Mila (gi-marketing),LOTE_2026_10
PUB-S20261012-3,12/10/2026,Segunda-feira,20:00,America/Sao_Paulo,Story,Story 9:16,Licenciamento,Story: Suporte operacional e margem,Seja licenciado SE7EN PAY,quem quer empreender em meios de pagamento e construir uma carteira própria,Consideração,Seja licenciado SE7EN PAY,Alcance,src/PUB-S20261012-3/assets/PUB-S20261012-3_p01_story.jpg,Pronto,-,Mila (gi-marketing),LOTE_2026_10
PUB-202610-11,05/10/2026,Segunda-feira,09:00,America/Sao_Paulo,Reels,Reels 9:16,Estabelecimento comercial,Controle da margem de lucro,Fale com um licenciado SE7EN PAY,"lojistas, prestadores de serviço, comércio de bairro e redes",Consideração,Fale com um licenciado SE7EN PAY,Alcance,src/PUB-202610-11/assets/PUB-202610-11_p01_reel.mp4,Pronto,-,Mila (gi-marketing),LOTE_2026_10
PUB-202610-12,05/10/2026,Segunda-feira,12:30,America/Sao_Paulo,Feed,Carrossel 4:5,Licenciamento,Passo a passo carteira de estabelecimentos,Seja licenciado SE7EN PAY,quem quer empreender em meios de pagamento e construir uma carteira própria,Consideração,Seja licenciado SE7EN PAY,Saves,src/PUB-202610-12/assets/PUB-202610-12_p01_v45.jpg,Pronto,-,Mila (gi-marketing),LOTE_2026_10
PUB-202610-13,05/10/2026,Segunda-feira,18:30,America/Sao_Paulo,Feed,Estático 4:5,Estabelecimento comercial,App Empresa margem clara,Fale com um licenciado SE7EN PAY,"lojistas, prestadores de serviço, comércio de bairro e redes",Consideração,Fale com um licenciado SE7EN PAY,Alcance,src/PUB-202610-13/assets/PUB-202610-13_p01_v45.jpg,Pronto,-,Mila (gi-marketing),LOTE_2026_10
PUB-202610-19,08/10/2026,Quinta-feira,09:00,America/Sao_Paulo,Reels,Reels 9:16,Estabelecimento comercial,Clareza no recebimento do Pix,Fale com um licenciado SE7EN PAY,"lojistas, prestadores de serviço, comércio de bairro e redes",Consideração,Fale com um licenciado SE7EN PAY,Alcance,src/PUB-202610-19/assets/PUB-202610-19_p01_reel.mp4,Pronto,-,Mila (gi-marketing),LOTE_2026_10
PUB-202610-20,08/10/2026,Quinta-feira,18:30,America/Sao_Paulo,Feed,Estático 4:5,Licenciamento,Kit do licenciado pagamentos,Seja licenciado SE7EN PAY,quem quer empreender em meios de pagamento e construir uma carteira própria,Consideração,Seja licenciado SE7EN PAY,Alcance,src/PUB-202610-20/assets/PUB-202610-20_p01_v45.jpg,Pronto,-,Mila (gi-marketing),LOTE_2026_10
PUB-S20261005-1,05/10/2026,Segunda-feira,08:30,America/Sao_Paulo,Story,Story 9:16,Licenciamento,Story: Passo a passo carteira de estabelecimentos,Seja licenciado SE7EN PAY,quem quer empreender em meios de pagamento e construir uma carteira própria,Consideração,Seja licenciado SE7EN PAY,Alcance,src/PUB-S20261005-1/assets/PUB-S20261005-1_p01_story.jpg,Pronto,-,Mila (gi-marketing),LOTE_2026_10
PUB-S20261005-2,05/10/2026,Segunda-feira,13:30,America/Sao_Paulo,Story,Story 9:16,Estabelecimento comercial,Story: Controle da margem de lucro,Fale com um licenciado SE7EN PAY,"lojistas, prestadores de serviço, comércio de bairro e redes",Consideração,Fale com um licenciado SE7EN PAY,Alcance,src/PUB-S20261005-2/assets/PUB-S20261005-2_p01_story.mp4,Pronto,-,Mila (gi-marketing),LOTE_2026_10
PUB-S20261005-3,05/10/2026,Segunda-feira,20:00,America/Sao_Paulo,Story,Story 9:16,Estabelecimento comercial,Story: App Empresa margem clara,Fale com um licenciado SE7EN PAY,"lojistas, prestadores de serviço, comércio de bairro e redes",Consideração,Fale com um licenciado SE7EN PAY,Alcance,src/PUB-S20261005-3/assets/PUB-S20261005-3_p01_story.jpg,Pronto,-,Mila (gi-marketing),LOTE_2026_10
PUB-S20261008-1,08/10/2026,Quinta-feira,08:30,America/Sao_Paulo,Story,Story 9:16,Licenciamento,Story: Kit do licenciado pagamentos,Seja licenciado SE7EN PAY,quem quer empreender em meios de pagamento e construir uma carteira própria,Consideração,Seja licenciado SE7EN PAY,Alcance,src/PUB-S20261008-1/assets/PUB-S20261008-1_p01_story.jpg,Pronto,-,Mila (gi-marketing),LOTE_2026_10
PUB-S20261008-2,08/10/2026,Quinta-feira,13:30,America/Sao_Paulo,Story,Story 9:16,Estabelecimento comercial,Story: Clareza no recebimento do Pix,Fale com um licenciado SE7EN PAY,"lojistas, prestadores de serviço, comércio de bairro e redes",Consideração,Fale com um licenciado SE7EN PAY,Alcance,src/PUB-S20261008-2/assets/PUB-S20261008-2_p01_story.mp4,Pronto,-,Mila (gi-marketing),LOTE_2026_10
PUB-202610-16,07/10/2026,Quarta-feira,09:00,America/Sao_Paulo,Feed,Estático 4:5,Licenciamento,Plano de carreira licenciados,Seja licenciado SE7EN PAY,quem quer empreender em meios de pagamento e construir uma carteira própria,Consideração,Seja licenciado SE7EN PAY,Alcance,src/PUB-202610-16/assets/PUB-202610-16_p01_v45.jpg,Pronto,-,Mila (gi-marketing),LOTE_2026_10
PUB-202610-17,07/10/2026,Quarta-feira,12:30,America/Sao_Paulo,Reels,Reels 9:16,Estabelecimento comercial,Pix integrado na venda,Fale com um licenciado SE7EN PAY,"lojistas, prestadores de serviço, comércio de bairro e redes",Consideração,Fale com um licenciado SE7EN PAY,Alcance,src/PUB-202610-17/assets/PUB-202610-17_p01_reel.mp4,Pronto,-,Mila (gi-marketing),LOTE_2026_10
PUB-202610-18,07/10/2026,Quarta-feira,18:30,America/Sao_Paulo,Feed,Carrossel 4:5,Licenciamento,Checklist gestão licenciado,Seja licenciado SE7EN PAY,quem quer empreender em meios de pagamento e construir uma carteira própria,Consideração,Seja licenciado SE7EN PAY,Saves,src/PUB-202610-18/assets/PUB-202610-18_p01_v45.jpg,Pronto,-,Mila (gi-marketing),LOTE_2026_10
PUB-202610-24,10/10/2026,Sábado,09:00,America/Sao_Paulo,Feed,Estático 4:5,Estabelecimento comercial,Checklist Dia das Crianças,Fale com um licenciado SE7EN PAY,"lojistas, prestadores de serviço, comércio de bairro e redes",Consideração,Fale com um licenciado SE7EN PAY,Alcance,src/PUB-202610-24/assets/PUB-202610-24_p01_v45.jpg,Pronto,-,Mila (gi-marketing),LOTE_2026_10
PUB-202610-25,10/10/2026,Sábado,18:30,America/Sao_Paulo,Feed,Carrossel 4:5,Estabelecimento comercial,Farmácia e PIX integrado,Fale com um licenciado SE7EN PAY,"lojistas, prestadores de serviço, comércio de bairro e redes",Consideração,Fale com um licenciado SE7EN PAY,Saves,src/PUB-202610-25/assets/PUB-202610-25_p01_v45.jpg,Pronto,-,Mila (gi-marketing),LOTE_2026_10
PUB-202610-32,13/10/2026,Terça-feira,09:00,America/Sao_Paulo,Feed,Estático 4:5,Licenciamento,Licenciado carteira pagamentos,Seja licenciado SE7EN PAY,quem quer empreender em meios de pagamento e construir uma carteira própria,Consideração,Seja licenciado SE7EN PAY,Alcance,src/PUB-202610-32/assets/PUB-202610-32_p01_v45.jpg,Pronto,-,Mila (gi-marketing),LOTE_2026_10
PUB-202610-33,13/10/2026,Terça-feira,18:30,America/Sao_Paulo,Feed,Carrossel 4:5,Estabelecimento comercial,Bastidores da cobrança organizada,Fale com um licenciado SE7EN PAY,"lojistas, prestadores de serviço, comércio de bairro e redes",Consideração,Fale com um licenciado SE7EN PAY,Saves,src/PUB-202610-33/assets/PUB-202610-33_p01_v45.jpg,Pronto,-,Mila (gi-marketing),LOTE_2026_10
PUB-S20261007-1,07/10/2026,Quarta-feira,08:30,America/Sao_Paulo,Story,Story 9:16,Licenciamento,Story: Checklist gestão licenciado,Seja licenciado SE7EN PAY,quem quer empreender em meios de pagamento e construir uma carteira própria,Consideração,Seja licenciado SE7EN PAY,Alcance,src/PUB-S20261007-1/assets/PUB-S20261007-1_p01_story.jpg,Pronto,-,Mila (gi-marketing),LOTE_2026_10
PUB-S20261007-2,07/10/2026,Quarta-feira,13:30,America/Sao_Paulo,Story,Story 9:16,Estabelecimento comercial,Story: Pix integrado na venda,Fale com um licenciado SE7EN PAY,"lojistas, prestadores de serviço, comércio de bairro e redes",Consideração,Fale com um licenciado SE7EN PAY,Alcance,src/PUB-S20261007-2/assets/PUB-S20261007-2_p01_story.mp4,Pronto,-,Mila (gi-marketing),LOTE_2026_10
PUB-S20261007-3,07/10/2026,Quarta-feira,20:00,America/Sao_Paulo,Story,Story 9:16,Licenciamento,Story: Plano de carreira licenciados,Seja licenciado SE7EN PAY,quem quer empreender em meios de pagamento e construir uma carteira própria,Consideração,Seja licenciado SE7EN PAY,Alcance,src/PUB-S20261007-3/assets/PUB-S20261007-3_p01_story.jpg,Pronto,-,Mila (gi-marketing),LOTE_2026_10
PUB-S20261010-1,10/10/2026,Sábado,08:30,America/Sao_Paulo,Story,Story 9:16,Estabelecimento comercial,Story: Farmácia e PIX integrado,Fale com um licenciado SE7EN PAY,"lojistas, prestadores de serviço, comércio de bairro e redes",Consideração,Fale com um licenciado SE7EN PAY,Alcance,src/PUB-S20261010-1/assets/PUB-S20261010-1_p01_story.jpg,Pronto,-,Mila (gi-marketing),LOTE_2026_10
PUB-S20261010-2,10/10/2026,Sábado,13:30,America/Sao_Paulo,Story,Story 9:16,Estabelecimento comercial,Story: Checklist Dia das Crianças,Fale com um licenciado SE7EN PAY,"lojistas, prestadores de serviço, comércio de bairro e redes",Consideração,Fale com um licenciado SE7EN PAY,Alcance,src/PUB-S20261010-2/assets/PUB-S20261010-2_p01_story.jpg,Pronto,-,Mila (gi-marketing),LOTE_2026_10
PUB-S20261013-1,13/10/2026,Terça-feira,08:30,America/Sao_Paulo,Story,Story 9:16,Estabelecimento comercial,Story: Bastidores da cobrança organizada,Fale com um licenciado SE7EN PAY,"lojistas, prestadores de serviço, comércio de bairro e redes",Consideração,Fale com um licenciado SE7EN PAY,Alcance,src/PUB-S20261013-1/assets/PUB-S20261013-1_p01_story.jpg,Pronto,-,Mila (gi-marketing),LOTE_2026_10
PUB-S20261013-2,13/10/2026,Terça-feira,13:30,America/Sao_Paulo,Story,Story 9:16,Licenciamento,Story: Licenciado carteira pagamentos,Seja licenciado SE7EN PAY,quem quer empreender em meios de pagamento e construir uma carteira própria,Consideração,Seja licenciado SE7EN PAY,Alcance,src/PUB-S20261013-2/assets/PUB-S20261013-2_p01_story.jpg,Pronto,-,Mila (gi-marketing),LOTE_2026_10
PUB-202610-34,14/10/2026,Quarta-feira,09:00,America/Sao_Paulo,Reels,Reels 9:16,Licenciamento,Receita recorrente para licenciados,Seja licenciado SE7EN PAY,quem quer empreender em meios de pagamento e construir uma carteira própria,Consideração,Seja licenciado SE7EN PAY,Alcance,src/PUB-202610-34/assets/PUB-202610-34_p01_reel.mp4,Pronto,-,Mila (gi-marketing),LOTE_2026_10
PUB-202610-35,14/10/2026,Quarta-feira,12:30,America/Sao_Paulo,Feed,Carrossel 4:5,Estabelecimento comercial,Perguntas sobre ponto de captura e margem,Fale com um licenciado SE7EN PAY,"lojistas, prestadores de serviço, comércio de bairro e redes",Consideração,Fale com um licenciado SE7EN PAY,Saves,src/PUB-202610-35/assets/PUB-202610-35_p01_v45.jpg,Pronto,-,Mila (gi-marketing),LOTE_2026_10
PUB-202610-36,14/10/2026,Quarta-feira,18:30,America/Sao_Paulo,Feed,Estático 4:5,Licenciamento,Plano de carreira licenciados,Seja licenciado SE7EN PAY,quem quer empreender em meios de pagamento e construir uma carteira própria,Consideração,Seja licenciado SE7EN PAY,Alcance,src/PUB-202610-36/assets/PUB-202610-36_p01_v45.jpg,Pronto,-,Mila (gi-marketing),LOTE_2026_10
PUB-202610-37,15/10/2026,Quinta-feira,09:00,America/Sao_Paulo,Feed,Carrossel 4:5,Estabelecimento comercial,Margem real por venda,Comente MARGEM para receber a conta de quanto sobra de cada venda no direct.,"lojistas, prestadores de serviço, comércio de bairro e redes",Consideração,Comente MARGEM para receber a conta de quanto sobra de cada venda no direct.,Saves,src/PUB-202610-37/assets/PUB-202610-37_p01_v45.jpg,Pronto,-,Mila (gi-marketing),LOTE_2026_10
PUB-202610-38,15/10/2026,Quinta-feira,12:30,America/Sao_Paulo,Feed,Estático 4:5,Licenciamento,App Gestão do Licenciado,Seja licenciado SE7EN PAY,quem quer empreender em meios de pagamento e construir uma carteira própria,Consideração,Seja licenciado SE7EN PAY,Alcance,src/PUB-202610-38/assets/PUB-202610-38_p01_v45.jpg,Pronto,-,Mila (gi-marketing),LOTE_2026_10
PUB-202610-39,15/10/2026,Quinta-feira,18:30,America/Sao_Paulo,Reels,Reels 9:16,Equipamentos,PAX S920 para lojistas,Fale com um licenciado SE7EN PAY,lojistas e licenciados que escolhem o ponto de captura certo para cada negócio,Consideração,Fale com um licenciado SE7EN PAY,Alcance,src/PUB-202610-39/assets/PUB-202610-39_p01_reel.mp4,Pronto,-,Mila (gi-marketing),LOTE_2026_10
PUB-202610-40,16/10/2026,Sexta-feira,09:00,America/Sao_Paulo,Feed,Estático 4:5,Marca e confiança,Bastidores e confiança,Acompanhe a SE7EN PAY,"mercado, clientes, licenciados e parceiros",Descoberta,Acompanhe a SE7EN PAY,Alcance,src/PUB-202610-40/assets/PUB-202610-40_p01_v45.jpg,Pronto,-,Mila (gi-marketing),LOTE_2026_10
PUB-202610-41,16/10/2026,Sexta-feira,12:30,America/Sao_Paulo,Reels,Reels 9:16,Estabelecimento comercial,Mitos sobre checkout e margem,Fale com um licenciado SE7EN PAY,"lojistas, prestadores de serviço, comércio de bairro e redes",Consideração,Fale com um licenciado SE7EN PAY,Alcance,src/PUB-202610-41/assets/PUB-202610-41_p01_reel.mp4,Pronto,-,Mila (gi-marketing),LOTE_2026_10
PUB-202610-42,16/10/2026,Sexta-feira,18:30,America/Sao_Paulo,Feed,Carrossel 4:5,Licenciamento,Fluxo de pagamento explicado,Seja licenciado SE7EN PAY,quem quer empreender em meios de pagamento e construir uma carteira própria,Consideração,Seja licenciado SE7EN PAY,Saves,src/PUB-202610-42/assets/PUB-202610-42_p01_v45.jpg,Pronto,-,Mila (gi-marketing),LOTE_2026_10
PUB-202610-43,17/10/2026,Sábado,09:00,America/Sao_Paulo,Reels,Reels 9:16,Equipamentos,Venda em movimento com PAX A910 e A920,Fale com um licenciado SE7EN PAY,lojistas e licenciados que escolhem o ponto de captura certo para cada negócio,Consideração,Fale com um licenciado SE7EN PAY,Alcance,src/PUB-202610-43/assets/PUB-202610-43_p01_reel.mp4,Pronto,-,Mila (gi-marketing),LOTE_2026_10
PUB-202610-44,17/10/2026,Sábado,18:30,America/Sao_Paulo,Feed,Estático 4:5,Marca e confiança,Bastidores e encontros regionais,Acompanhe a SE7EN PAY,"mercado, clientes, licenciados e parceiros",Descoberta,Acompanhe a SE7EN PAY,Alcance,src/PUB-202610-44/assets/PUB-202610-44_p01_v45.jpg,Pronto,-,Mila (gi-marketing),LOTE_2026_10
PUB-202610-48,19/10/2026,Segunda-feira,09:00,America/Sao_Paulo,Feed,Estático 4:5,Marca e confiança,Segurança e bastidores reais,Acompanhe a SE7EN PAY,"mercado, clientes, licenciados e parceiros",Descoberta,Acompanhe a SE7EN PAY,Alcance,src/PUB-202610-48/assets/PUB-202610-48_p01_v45.jpg,Pronto,-,Mila (gi-marketing),LOTE_2026_10
PUB-202610-49,19/10/2026,Segunda-feira,12:30,America/Sao_Paulo,Reels,Reels 9:16,Estabelecimento comercial,Destino do dinheiro da venda,Fale com um licenciado SE7EN PAY,"lojistas, prestadores de serviço, comércio de bairro e redes",Consideração,Fale com um licenciado SE7EN PAY,Alcance,src/PUB-202610-49/assets/PUB-202610-49_p01_reel.mp4,Pronto,-,Mila (gi-marketing),LOTE_2026_10
PUB-202610-50,19/10/2026,Segunda-feira,18:30,America/Sao_Paulo,Feed,Carrossel 4:5,Licenciamento,Glossário BIN PAN MDR,Seja licenciado SE7EN PAY,quem quer empreender em meios de pagamento e construir uma carteira própria,Consideração,Seja licenciado SE7EN PAY,Saves,src/PUB-202610-50/assets/PUB-202610-50_p01_v45.jpg,Pronto,-,Mila (gi-marketing),LOTE_2026_10
PUB-S20261014-1,14/10/2026,Quarta-feira,08:30,America/Sao_Paulo,Story,Story 9:16,Estabelecimento comercial,Story: Perguntas sobre ponto de captura e margem,Fale com um licenciado SE7EN PAY,"lojistas, prestadores de serviço, comércio de bairro e redes",Consideração,Fale com um licenciado SE7EN PAY,Alcance,src/PUB-S20261014-1/assets/PUB-S20261014-1_p01_story.jpg,Pronto,-,Mila (gi-marketing),LOTE_2026_10
PUB-S20261014-2,14/10/2026,Quarta-feira,13:30,America/Sao_Paulo,Story,Story 9:16,Licenciamento,Story: Receita recorrente para licenciados,Seja licenciado SE7EN PAY,quem quer empreender em meios de pagamento e construir uma carteira própria,Consideração,Seja licenciado SE7EN PAY,Alcance,src/PUB-S20261014-2/assets/PUB-S20261014-2_p01_story.mp4,Pronto,-,Mila (gi-marketing),LOTE_2026_10
PUB-S20261014-3,14/10/2026,Quarta-feira,20:00,America/Sao_Paulo,Story,Story 9:16,Licenciamento,Story: Plano de carreira licenciados,Seja licenciado SE7EN PAY,quem quer empreender em meios de pagamento e construir uma carteira própria,Consideração,Seja licenciado SE7EN PAY,Alcance,src/PUB-S20261014-3/assets/PUB-S20261014-3_p01_story.jpg,Pronto,-,Mila (gi-marketing),LOTE_2026_10
PUB-S20261015-1,15/10/2026,Quinta-feira,08:30,America/Sao_Paulo,Story,Story 9:16,Estabelecimento comercial,Story: Margem real por venda,Comente MARGEM para receber a conta de quanto sobra de cada venda no direct.,"lojistas, prestadores de serviço, comércio de bairro e redes",Consideração,Comente MARGEM para receber a conta de quanto sobra de cada venda no direct.,Alcance,src/PUB-S20261015-1/assets/PUB-S20261015-1_p01_story.jpg,Pronto,-,Mila (gi-marketing),LOTE_2026_10
PUB-S20261015-2,15/10/2026,Quinta-feira,13:30,America/Sao_Paulo,Story,Story 9:16,Equipamentos,Story: PAX S920 para lojistas,Fale com um licenciado SE7EN PAY,lojistas e licenciados que escolhem o ponto de captura certo para cada negócio,Consideração,Fale com um licenciado SE7EN PAY,Alcance,src/PUB-S20261015-2/assets/PUB-S20261015-2_p01_story.mp4,Pronto,-,Mila (gi-marketing),LOTE_2026_10
PUB-S20261015-3,15/10/2026,Quinta-feira,20:00,America/Sao_Paulo,Story,Story 9:16,Licenciamento,Story: App Gestão do Licenciado,Seja licenciado SE7EN PAY,quem quer empreender em meios de pagamento e construir uma carteira própria,Consideração,Seja licenciado SE7EN PAY,Alcance,src/PUB-S20261015-3/assets/PUB-S20261015-3_p01_story.jpg,Pronto,-,Mila (gi-marketing),LOTE_2026_10
PUB-S20261016-1,16/10/2026,Sexta-feira,08:30,America/Sao_Paulo,Story,Story 9:16,Licenciamento,Story: Fluxo de pagamento explicado,Seja licenciado SE7EN PAY,quem quer empreender em meios de pagamento e construir uma carteira própria,Consideração,Seja licenciado SE7EN PAY,Alcance,src/PUB-S20261016-1/assets/PUB-S20261016-1_p01_story.jpg,Pronto,-,Mila (gi-marketing),LOTE_2026_10
PUB-S20261016-2,16/10/2026,Sexta-feira,13:30,America/Sao_Paulo,Story,Story 9:16,Estabelecimento comercial,Story: Mitos sobre checkout e margem,Fale com um licenciado SE7EN PAY,"lojistas, prestadores de serviço, comércio de bairro e redes",Consideração,Fale com um licenciado SE7EN PAY,Alcance,src/PUB-S20261016-2/assets/PUB-S20261016-2_p01_story.mp4,Pronto,-,Mila (gi-marketing),LOTE_2026_10
PUB-S20261016-3,16/10/2026,Sexta-feira,20:00,America/Sao_Paulo,Story,Story 9:16,Marca e confiança,Story: Bastidores e confiança,Acompanhe a SE7EN PAY,"mercado, clientes, licenciados e parceiros",Descoberta,Acompanhe a SE7EN PAY,Alcance,src/PUB-S20261016-3/assets/PUB-S20261016-3_p01_story.jpg,Pronto,-,Mila (gi-marketing),LOTE_2026_10
PUB-S20261017-1,17/10/2026,Sábado,08:30,America/Sao_Paulo,Story,Story 9:16,Marca e confiança,Story: Bastidores e encontros regionais,Acompanhe a SE7EN PAY,"mercado, clientes, licenciados e parceiros",Descoberta,Acompanhe a SE7EN PAY,Alcance,src/PUB-S20261017-1/assets/PUB-S20261017-1_p01_story.jpg,Pronto,-,Mila (gi-marketing),LOTE_2026_10
PUB-S20261017-2,17/10/2026,Sábado,13:30,America/Sao_Paulo,Story,Story 9:16,Equipamentos,Story: Venda em movimento com PAX A910 e A920,Fale com um licenciado SE7EN PAY,lojistas e licenciados que escolhem o ponto de captura certo para cada negócio,Consideração,Fale com um licenciado SE7EN PAY,Alcance,src/PUB-S20261017-2/assets/PUB-S20261017-2_p01_story.mp4,Pronto,-,Mila (gi-marketing),LOTE_2026_10
PUB-S20261019-1,19/10/2026,Segunda-feira,08:30,America/Sao_Paulo,Story,Story 9:16,Licenciamento,Story: Glossário BIN PAN MDR,Seja licenciado SE7EN PAY,quem quer empreender em meios de pagamento e construir uma carteira própria,Consideração,Seja licenciado SE7EN PAY,Alcance,src/PUB-S20261019-1/assets/PUB-S20261019-1_p01_story.jpg,Pronto,-,Mila (gi-marketing),LOTE_2026_10
PUB-S20261019-2,19/10/2026,Segunda-feira,13:30,America/Sao_Paulo,Story,Story 9:16,Estabelecimento comercial,Story: Destino do dinheiro da venda,Fale com um licenciado SE7EN PAY,"lojistas, prestadores de serviço, comércio de bairro e redes",Consideração,Fale com um licenciado SE7EN PAY,Alcance,src/PUB-S20261019-2/assets/PUB-S20261019-2_p01_story.mp4,Pronto,-,Mila (gi-marketing),LOTE_2026_10
PUB-S20261019-3,19/10/2026,Segunda-feira,20:00,America/Sao_Paulo,Story,Story 9:16,Marca e confiança,Story: Segurança e bastidores reais,Acompanhe a SE7EN PAY,"mercado, clientes, licenciados e parceiros",Descoberta,Acompanhe a SE7EN PAY,Alcance,src/PUB-S20261019-3/assets/PUB-S20261019-3_p01_story.jpg,Pronto,-,Mila (gi-marketing),LOTE_2026_10
PUB-202610-45,18/10/2026,Domingo,09:00,America/Sao_Paulo,Feed,Carrossel 4:5,Estabelecimento comercial,Antes e depois da margem PIX,Fale com um licenciado SE7EN PAY,"lojistas, prestadores de serviço, comércio de bairro e redes",Consideração,Fale com um licenciado SE7EN PAY,Saves,src/PUB-202610-45/assets/PUB-202610-45_p01_v45.jpg,Pronto,-,Mila (gi-marketing),LOTE_2026_10
PUB-202610-46,18/10/2026,Domingo,12:30,America/Sao_Paulo,Feed,Estático 4:5,Licenciamento,Licenciamento e suporte operacional,Seja licenciado SE7EN PAY,quem quer empreender em meios de pagamento e construir uma carteira própria,Consideração,Seja licenciado SE7EN PAY,Alcance,src/PUB-202610-46/assets/PUB-202610-46_p01_v45.jpg,Pronto,-,Mila (gi-marketing),LOTE_2026_10
PUB-202610-47,18/10/2026,Domingo,18:30,America/Sao_Paulo,Reels,Reels 9:16,Equipamentos,P2 Android 11: Equipamento e Uso,Fale com um licenciado SE7EN PAY,lojistas e licenciados que escolhem o ponto de captura certo para cada negócio,Consideração,Fale com um licenciado SE7EN PAY,Alcance,src/PUB-202610-47/assets/PUB-202610-47_p01_reel.mp4,Pronto,-,Mila (gi-marketing),LOTE_2026_10
PUB-202610-51,20/10/2026,Terça-feira,09:00,America/Sao_Paulo,Reels,Reels 9:16,Equipamentos,Gertec PPC930 e TEF na prática,Fale com um licenciado SE7EN PAY,lojistas e licenciados que escolhem o ponto de captura certo para cada negócio,Consideração,Fale com um licenciado SE7EN PAY,Alcance,src/PUB-202610-51/assets/PUB-202610-51_p01_reel.mp4,Pronto,-,Mila (gi-marketing),LOTE_2026_10
PUB-202610-52,20/10/2026,Terça-feira,18:30,America/Sao_Paulo,Feed,Estático 4:5,Marca e confiança,Erros de integração PIX,Acompanhe a SE7EN PAY,"mercado, clientes, licenciados e parceiros",Descoberta,Acompanhe a SE7EN PAY,Alcance,src/PUB-202610-52/assets/PUB-202610-52_p01_v45.jpg,Pronto,-,Mila (gi-marketing),LOTE_2026_10
PUB-202610-53,21/10/2026,Quarta-feira,09:00,America/Sao_Paulo,Feed,Carrossel 4:5,White label,White label para operações,Conheça o white label SE7EN PAY,operações com volume que querem oferecer pagamentos com a própria marca,Consideração,Conheça o white label SE7EN PAY,Saves,src/PUB-202610-53/assets/PUB-202610-53_p01_v45.jpg,Pronto,-,Mila (gi-marketing),LOTE_2026_10
PUB-202610-54,21/10/2026,Quarta-feira,12:30,America/Sao_Paulo,Feed,Estático 4:5,Estabelecimento comercial,Pix estatico versus dinamico,Fale com um licenciado SE7EN PAY,"lojistas, prestadores de serviço, comércio de bairro e redes",Consideração,Fale com um licenciado SE7EN PAY,Alcance,src/PUB-202610-54/assets/PUB-202610-54_p01_v45.jpg,Pronto,-,Mila (gi-marketing),LOTE_2026_10
PUB-202610-55,21/10/2026,Quarta-feira,18:30,America/Sao_Paulo,Reels,Reels 9:16,Licenciamento,Receita recorrente para licenciados,Seja licenciado SE7EN PAY,quem quer empreender em meios de pagamento e construir uma carteira própria,Consideração,Seja licenciado SE7EN PAY,Alcance,src/PUB-202610-55/assets/PUB-202610-55_p01_reel.mp4,Pronto,-,Mila (gi-marketing),LOTE_2026_10
PUB-S20261018-1,18/10/2026,Domingo,08:30,America/Sao_Paulo,Story,Story 9:16,Estabelecimento comercial,Story: Antes e depois da margem PIX,Fale com um licenciado SE7EN PAY,"lojistas, prestadores de serviço, comércio de bairro e redes",Consideração,Fale com um licenciado SE7EN PAY,Alcance,src/PUB-S20261018-1/assets/PUB-S20261018-1_p01_story.jpg,Pronto,-,Mila (gi-marketing),LOTE_2026_10
PUB-S20261018-2,18/10/2026,Domingo,13:30,America/Sao_Paulo,Story,Story 9:16,Equipamentos,Story: P2 Android 11: Equipamento e Uso,Fale com um licenciado SE7EN PAY,lojistas e licenciados que escolhem o ponto de captura certo para cada negócio,Consideração,Fale com um licenciado SE7EN PAY,Alcance,src/PUB-S20261018-2/assets/PUB-S20261018-2_p01_story.mp4,Pronto,-,Mila (gi-marketing),LOTE_2026_10
PUB-S20261018-3,18/10/2026,Domingo,20:00,America/Sao_Paulo,Story,Story 9:16,Licenciamento,Story: Licenciamento e suporte operacional,Seja licenciado SE7EN PAY,quem quer empreender em meios de pagamento e construir uma carteira própria,Consideração,Seja licenciado SE7EN PAY,Alcance,src/PUB-S20261018-3/assets/PUB-S20261018-3_p01_story.jpg,Pronto,-,Mila (gi-marketing),LOTE_2026_10
PUB-S20261020-1,20/10/2026,Terça-feira,08:30,America/Sao_Paulo,Story,Story 9:16,Marca e confiança,Story: Erros de integração PIX,Acompanhe a SE7EN PAY,"mercado, clientes, licenciados e parceiros",Descoberta,Acompanhe a SE7EN PAY,Alcance,src/PUB-S20261020-1/assets/PUB-S20261020-1_p01_story.jpg,Pronto,-,Mila (gi-marketing),LOTE_2026_10
PUB-S20261020-2,20/10/2026,Terça-feira,13:30,America/Sao_Paulo,Story,Story 9:16,Equipamentos,Story: Gertec PPC930 e TEF na prática,Fale com um licenciado SE7EN PAY,lojistas e licenciados que escolhem o ponto de captura certo para cada negócio,Consideração,Fale com um licenciado SE7EN PAY,Alcance,src/PUB-S20261020-2/assets/PUB-S20261020-2_p01_story.mp4,Pronto,-,Mila (gi-marketing),LOTE_2026_10
PUB-S20261021-1,21/10/2026,Quarta-feira,08:30,America/Sao_Paulo,Story,Story 9:16,White label,Story: White label para operações,Conheça o white label SE7EN PAY,operações com volume que querem oferecer pagamentos com a própria marca,Consideração,Conheça o white label SE7EN PAY,Alcance,src/PUB-S20261021-1/assets/PUB-S20261021-1_p01_story.jpg,Pronto,-,Mila (gi-marketing),LOTE_2026_10
PUB-S20261021-2,21/10/2026,Quarta-feira,13:30,America/Sao_Paulo,Story,Story 9:16,Licenciamento,Story: Receita recorrente para licenciados,Seja licenciado SE7EN PAY,quem quer empreender em meios de pagamento e construir uma carteira própria,Consideração,Seja licenciado SE7EN PAY,Alcance,src/PUB-S20261021-2/assets/PUB-S20261021-2_p01_story.mp4,Pronto,-,Mila (gi-marketing),LOTE_2026_10
PUB-S20261021-3,21/10/2026,Quarta-feira,20:00,America/Sao_Paulo,Story,Story 9:16,Estabelecimento comercial,Story: Pix estatico versus dinamico,Fale com um licenciado SE7EN PAY,"lojistas, prestadores de serviço, comércio de bairro e redes",Consideração,Fale com um licenciado SE7EN PAY,Alcance,src/PUB-S20261021-3/assets/PUB-S20261021-3_p01_story.jpg,Pronto,-,Mila (gi-marketing),LOTE_2026_10
PUB-202610-56,22/10/2026,Quinta-feira,09:00,America/Sao_Paulo,Feed,Estático 4:5,Equipamentos,Seminovo revisado confiável,Fale com um licenciado SE7EN PAY,lojistas e licenciados que escolhem o ponto de captura certo para cada negócio,Consideração,Fale com um licenciado SE7EN PAY,Alcance,src/PUB-202610-56/assets/PUB-202610-56_p01_v45.jpg,Pronto,-,Mila (gi-marketing),LOTE_2026_10
PUB-202610-57,22/10/2026,Quinta-feira,18:30,America/Sao_Paulo,Feed,Carrossel 4:5,Marca e confiança,Rotina de campo e atendimento,Acompanhe a SE7EN PAY,"mercado, clientes, licenciados e parceiros",Descoberta,Acompanhe a SE7EN PAY,Saves,src/PUB-202610-57/assets/PUB-202610-57_p01_v45.jpg,Pronto,-,Mila (gi-marketing),LOTE_2026_10
PUB-202610-61,24/10/2026,Sábado,09:00,America/Sao_Paulo,Feed,Carrossel 4:5,Equipamentos,PAX S920 no balcão,Fale com um licenciado SE7EN PAY,lojistas e licenciados que escolhem o ponto de captura certo para cada negócio,Consideração,Fale com um licenciado SE7EN PAY,Saves,src/PUB-202610-61/assets/PUB-202610-61_p01_v45.jpg,Pronto,-,Mila (gi-marketing),LOTE_2026_10
PUB-202610-62,24/10/2026,Sábado,18:30,America/Sao_Paulo,Reels,Reels 9:16,Marca e confiança,Encontros reais com licenciados,Acompanhe a SE7EN PAY,"mercado, clientes, licenciados e parceiros",Descoberta,Acompanhe a SE7EN PAY,Alcance,src/PUB-202610-62/assets/PUB-202610-62_p01_reel.mp4,Pronto,-,Mila (gi-marketing),LOTE_2026_10
PUB-S20261022-1,22/10/2026,Quinta-feira,08:30,America/Sao_Paulo,Story,Story 9:16,Marca e confiança,Story: Rotina de campo e atendimento,Acompanhe a SE7EN PAY,"mercado, clientes, licenciados e parceiros",Descoberta,Acompanhe a SE7EN PAY,Alcance,src/PUB-S20261022-1/assets/PUB-S20261022-1_p01_story.jpg,Pronto,-,Mila (gi-marketing),LOTE_2026_10
PUB-S20261022-2,22/10/2026,Quinta-feira,13:30,America/Sao_Paulo,Story,Story 9:16,Equipamentos,Story: Seminovo revisado confiável,Fale com um licenciado SE7EN PAY,lojistas e licenciados que escolhem o ponto de captura certo para cada negócio,Consideração,Fale com um licenciado SE7EN PAY,Alcance,src/PUB-S20261022-2/assets/PUB-S20261022-2_p01_story.jpg,Pronto,-,Mila (gi-marketing),LOTE_2026_10
PUB-S20261024-1,24/10/2026,Sábado,08:30,America/Sao_Paulo,Story,Story 9:16,Equipamentos,Story: PAX S920 no balcão,Fale com um licenciado SE7EN PAY,lojistas e licenciados que escolhem o ponto de captura certo para cada negócio,Consideração,Fale com um licenciado SE7EN PAY,Alcance,src/PUB-S20261024-1/assets/PUB-S20261024-1_p01_story.jpg,Pronto,-,Mila (gi-marketing),LOTE_2026_10
PUB-S20261024-2,24/10/2026,Sábado,13:30,America/Sao_Paulo,Story,Story 9:16,Marca e confiança,Story: Encontros reais com licenciados,Acompanhe a SE7EN PAY,"mercado, clientes, licenciados e parceiros",Descoberta,Acompanhe a SE7EN PAY,Alcance,src/PUB-S20261024-2/assets/PUB-S20261024-2_p01_story.mp4,Pronto,-,Mila (gi-marketing),LOTE_2026_10
PUB-202610-58,23/10/2026,Sexta-feira,09:00,America/Sao_Paulo,Reels,Reels 9:16,White label,White label com sua marca,Conheça o white label SE7EN PAY,operações com volume que querem oferecer pagamentos com a própria marca,Consideração,Conheça o white label SE7EN PAY,Alcance,src/PUB-202610-58/assets/PUB-202610-58_p01_reel.mp4,Pronto,-,Mila (gi-marketing),LOTE_2026_10
PUB-202610-59,23/10/2026,Sexta-feira,12:30,America/Sao_Paulo,Feed,Carrossel 4:5,Estabelecimento comercial,Erro comum na divisão de margem,Comente MARGEM para receber a conta de quanto sobra de cada venda no direct.,"lojistas, prestadores de serviço, comércio de bairro e redes",Consideração,Comente MARGEM para receber a conta de quanto sobra de cada venda no direct.,Saves,src/PUB-202610-59/assets/PUB-202610-59_p01_v45.jpg,Pronto,-,Mila (gi-marketing),LOTE_2026_10
PUB-202610-60,23/10/2026,Sexta-feira,18:30,America/Sao_Paulo,Feed,Estático 4:5,Licenciamento,Plano de carreira licenciado,Seja licenciado SE7EN PAY,quem quer empreender em meios de pagamento e construir uma carteira própria,Consideração,Seja licenciado SE7EN PAY,Alcance,src/PUB-202610-60/assets/PUB-202610-60_p01_v45.jpg,Pronto,-,Mila (gi-marketing),LOTE_2026_10
PUB-202610-63,25/10/2026,Domingo,09:00,America/Sao_Paulo,Feed,Estático 4:5,White label,Explicação fluxo financeiro white label,Conheça o white label SE7EN PAY,operações com volume que querem oferecer pagamentos com a própria marca,Consideração,Conheça o white label SE7EN PAY,Alcance,src/PUB-202610-63/assets/PUB-202610-63_p01_v45.jpg,Pronto,-,Mila (gi-marketing),LOTE_2026_10
PUB-202610-64,25/10/2026,Domingo,12:30,America/Sao_Paulo,Reels,Reels 9:16,Estabelecimento comercial,Margem clara por venda,Fale com um licenciado SE7EN PAY,"lojistas, prestadores de serviço, comércio de bairro e redes",Consideração,Fale com um licenciado SE7EN PAY,Alcance,src/PUB-202610-64/assets/PUB-202610-64_p01_reel.mp4,Pronto,-,Mila (gi-marketing),LOTE_2026_10
PUB-202610-65,25/10/2026,Domingo,18:30,America/Sao_Paulo,Feed,Carrossel 4:5,Licenciamento,Origem do cartão de crédito,Seja licenciado SE7EN PAY,quem quer empreender em meios de pagamento e construir uma carteira própria,Consideração,Seja licenciado SE7EN PAY,Saves,src/PUB-202610-65/assets/PUB-202610-65_p01_v45.jpg,Pronto,-,Mila (gi-marketing),LOTE_2026_10
PUB-202610-66,26/10/2026,Segunda-feira,09:00,America/Sao_Paulo,Reels,Reels 9:16,Equipamentos,Erro comum no ponto de captura móvel,Fale com um licenciado SE7EN PAY,lojistas e licenciados que escolhem o ponto de captura certo para cada negócio,Consideração,Fale com um licenciado SE7EN PAY,Alcance,src/PUB-202610-66/assets/PUB-202610-66_p01_reel.mp4,Pronto,-,Mila (gi-marketing),LOTE_2026_10
PUB-202610-67,26/10/2026,Segunda-feira,12:30,America/Sao_Paulo,Feed,Carrossel 4:5,Marca e confiança,Segurança e canais oficiais,Acompanhe a SE7EN PAY,"mercado, clientes, licenciados e parceiros",Descoberta,Acompanhe a SE7EN PAY,Saves,src/PUB-202610-67/assets/PUB-202610-67_p01_v45.jpg,Pronto,-,Mila (gi-marketing),LOTE_2026_10
PUB-202610-68,26/10/2026,Segunda-feira,18:30,America/Sao_Paulo,Feed,Estático 4:5,White label,White label antes e depois,Conheça o white label SE7EN PAY,operações com volume que querem oferecer pagamentos com a própria marca,Consideração,Conheça o white label SE7EN PAY,Alcance,src/PUB-202610-68/assets/PUB-202610-68_p01_v45.jpg,Pronto,-,Mila (gi-marketing),LOTE_2026_10
PUB-202610-69,27/10/2026,Terça-feira,09:00,America/Sao_Paulo,Feed,Carrossel 4:5,Estabelecimento comercial,Margem de lucro no Pix,Fale com um licenciado SE7EN PAY,"lojistas, prestadores de serviço, comércio de bairro e redes",Consideração,Fale com um licenciado SE7EN PAY,Saves,src/PUB-202610-69/assets/PUB-202610-69_p01_v45.jpg,Pronto,-,Mila (gi-marketing),LOTE_2026_10
PUB-202610-70,27/10/2026,Terça-feira,18:30,America/Sao_Paulo,Reels,Reels 9:16,Licenciamento,Bastidores da Universidade Confrapag,Seja licenciado SE7EN PAY,quem quer empreender em meios de pagamento e construir uma carteira própria,Consideração,Seja licenciado SE7EN PAY,Alcance,src/PUB-202610-70/assets/PUB-202610-70_p01_reel.mp4,Pronto,-,Mila (gi-marketing),LOTE_2026_10
PUB-202610-71,28/10/2026,Quarta-feira,09:00,America/Sao_Paulo,Feed,Estático 4:5,Equipamentos,P2 Android 11 no balcão,Fale com um licenciado SE7EN PAY,lojistas e licenciados que escolhem o ponto de captura certo para cada negócio,Consideração,Fale com um licenciado SE7EN PAY,Alcance,src/PUB-202610-71/assets/PUB-202610-71_p01_v45.jpg,Pronto,-,Mila (gi-marketing),LOTE_2026_10
PUB-202610-72,28/10/2026,Quarta-feira,12:30,America/Sao_Paulo,Reels,Reels 9:16,Marca e confiança,Bastidores da operação SE7EN PAY,Acompanhe a SE7EN PAY,"mercado, clientes, licenciados e parceiros",Descoberta,Acompanhe a SE7EN PAY,Alcance,src/PUB-202610-72/assets/PUB-202610-72_p01_reel.mp4,Pronto,-,Mila (gi-marketing),LOTE_2026_10
PUB-202610-73,28/10/2026,Quarta-feira,18:30,America/Sao_Paulo,Feed,Carrossel 4:5,White label,White label para operações com volume,Conheça o white label SE7EN PAY,operações com volume que querem oferecer pagamentos com a própria marca,Consideração,Conheça o white label SE7EN PAY,Saves,src/PUB-202610-73/assets/PUB-202610-73_p01_v45.jpg,Pronto,-,Mila (gi-marketing),LOTE_2026_10
PUB-202610-74,29/10/2026,Quinta-feira,09:00,America/Sao_Paulo,Reels,Reels 9:16,Estabelecimento comercial,TEF integrado ao PDV e ERP,Fale com um licenciado SE7EN PAY,"lojistas, prestadores de serviço, comércio de bairro e redes",Consideração,Fale com um licenciado SE7EN PAY,Alcance,src/PUB-202610-74/assets/PUB-202610-74_p01_reel.mp4,Pronto,-,Mila (gi-marketing),LOTE_2026_10
PUB-202610-75,29/10/2026,Quinta-feira,12:30,America/Sao_Paulo,Feed,Carrossel 4:5,Licenciamento,Licenciado: Venda resultado,Comente CARREIRA para receber o resumo de como funciona a carreira de licenciado no direct.,quem quer empreender em meios de pagamento e construir uma carteira própria,Consideração,Comente CARREIRA para receber o resumo de como funciona a carreira de licenciado no direct.,Saves,src/PUB-202610-75/assets/PUB-202610-75_p01_v45.jpg,Pronto,-,Mila (gi-marketing),LOTE_2026_10
PUB-202610-76,29/10/2026,Quinta-feira,18:30,America/Sao_Paulo,Feed,Estático 4:5,Equipamentos,Gertec PPC930 TEF,Fale com um licenciado SE7EN PAY,lojistas e licenciados que escolhem o ponto de captura certo para cada negócio,Consideração,Fale com um licenciado SE7EN PAY,Alcance,src/PUB-202610-76/assets/PUB-202610-76_p01_v45.jpg,Pronto,-,Mila (gi-marketing),LOTE_2026_10
PUB-202610-77,30/10/2026,Sexta-feira,09:00,America/Sao_Paulo,Feed,Carrossel 4:5,Marca e confiança,Bastidores operação campo,Acompanhe a SE7EN PAY,"mercado, clientes, licenciados e parceiros",Descoberta,Acompanhe a SE7EN PAY,Saves,src/PUB-202610-77/assets/PUB-202610-77_p01_v45.jpg,Pronto,-,Mila (gi-marketing),LOTE_2026_10
PUB-202610-78,30/10/2026,Sexta-feira,12:30,America/Sao_Paulo,Feed,Estático 4:5,White label,Mito e verdade white label,Conheça o white label SE7EN PAY,operações com volume que querem oferecer pagamentos com a própria marca,Consideração,Conheça o white label SE7EN PAY,Alcance,src/PUB-202610-78/assets/PUB-202610-78_p01_v45.jpg,Pronto,-,Mila (gi-marketing),LOTE_2026_10
PUB-202610-79,30/10/2026,Sexta-feira,18:30,America/Sao_Paulo,Reels,Reels 9:16,Estabelecimento comercial,Origem e destino do dinheiro,Fale com um licenciado SE7EN PAY,"lojistas, prestadores de serviço, comércio de bairro e redes",Consideração,Fale com um licenciado SE7EN PAY,Alcance,src/PUB-202610-79/assets/PUB-202610-79_p01_reel.mp4,Pronto,-,Mila (gi-marketing),LOTE_2026_10
PUB-202610-80,31/10/2026,Sábado,09:00,America/Sao_Paulo,Feed,Estático 4:5,Licenciamento,Exemplo de margem recorrente,Seja licenciado SE7EN PAY,quem quer empreender em meios de pagamento e construir uma carteira própria,Consideração,Seja licenciado SE7EN PAY,Alcance,src/PUB-202610-80/assets/PUB-202610-80_p01_v45.jpg,Pronto,-,Mila (gi-marketing),LOTE_2026_10
PUB-202610-81,31/10/2026,Sábado,12:30,America/Sao_Paulo,Reels,Reels 9:16,Equipamentos,Equipamento seminovo revisado SE7EN PAY,Fale com um licenciado SE7EN PAY,lojistas e licenciados que escolhem o ponto de captura certo para cada negócio,Consideração,Fale com um licenciado SE7EN PAY,Alcance,src/PUB-202610-81/assets/PUB-202610-81_p01_reel.mp4,Pronto,-,Mila (gi-marketing),LOTE_2026_10
PUB-202610-82,31/10/2026,Sábado,18:30,America/Sao_Paulo,Feed,Carrossel 4:5,Marca e confiança,Erros em encontros regionais,Acompanhe a SE7EN PAY,"mercado, clientes, licenciados e parceiros",Descoberta,Acompanhe a SE7EN PAY,Saves,src/PUB-202610-82/assets/PUB-202610-82_p01_v45.jpg,Pronto,-,Mila (gi-marketing),LOTE_2026_10
PUB-S20261023-1,23/10/2026,Sexta-feira,08:30,America/Sao_Paulo,Story,Story 9:16,Estabelecimento comercial,Story: Erro comum na divisão de margem,Comente MARGEM para receber a conta de quanto sobra de cada venda no direct.,"lojistas, prestadores de serviço, comércio de bairro e redes",Consideração,Comente MARGEM para receber a conta de quanto sobra de cada venda no direct.,Alcance,src/PUB-S20261023-1/assets/PUB-S20261023-1_p01_story.jpg,Pronto,-,Mila (gi-marketing),LOTE_2026_10
PUB-S20261023-2,23/10/2026,Sexta-feira,13:30,America/Sao_Paulo,Story,Story 9:16,White label,Story: White label com sua marca,Conheça o white label SE7EN PAY,operações com volume que querem oferecer pagamentos com a própria marca,Consideração,Conheça o white label SE7EN PAY,Alcance,src/PUB-S20261023-2/assets/PUB-S20261023-2_p01_story.mp4,Pronto,-,Mila (gi-marketing),LOTE_2026_10
PUB-S20261023-3,23/10/2026,Sexta-feira,20:00,America/Sao_Paulo,Story,Story 9:16,Licenciamento,Story: Plano de carreira licenciado,Seja licenciado SE7EN PAY,quem quer empreender em meios de pagamento e construir uma carteira própria,Consideração,Seja licenciado SE7EN PAY,Alcance,src/PUB-S20261023-3/assets/PUB-S20261023-3_p01_story.jpg,Pronto,-,Mila (gi-marketing),LOTE_2026_10
PUB-S20261025-1,25/10/2026,Domingo,08:30,America/Sao_Paulo,Story,Story 9:16,Licenciamento,Story: Origem do cartão de crédito,Seja licenciado SE7EN PAY,quem quer empreender em meios de pagamento e construir uma carteira própria,Consideração,Seja licenciado SE7EN PAY,Alcance,src/PUB-S20261025-1/assets/PUB-S20261025-1_p01_story.jpg,Pronto,-,Mila (gi-marketing),LOTE_2026_10
PUB-S20261025-2,25/10/2026,Domingo,13:30,America/Sao_Paulo,Story,Story 9:16,Estabelecimento comercial,Story: Margem clara por venda,Fale com um licenciado SE7EN PAY,"lojistas, prestadores de serviço, comércio de bairro e redes",Consideração,Fale com um licenciado SE7EN PAY,Alcance,src/PUB-S20261025-2/assets/PUB-S20261025-2_p01_story.mp4,Pronto,-,Mila (gi-marketing),LOTE_2026_10
PUB-S20261025-3,25/10/2026,Domingo,20:00,America/Sao_Paulo,Story,Story 9:16,White label,Story: Explicação fluxo financeiro white label,Conheça o white label SE7EN PAY,operações com volume que querem oferecer pagamentos com a própria marca,Consideração,Conheça o white label SE7EN PAY,Alcance,src/PUB-S20261025-3/assets/PUB-S20261025-3_p01_story.jpg,Pronto,-,Mila (gi-marketing),LOTE_2026_10
PUB-S20261026-1,26/10/2026,Segunda-feira,08:30,America/Sao_Paulo,Story,Story 9:16,Marca e confiança,Story: Segurança e canais oficiais,Acompanhe a SE7EN PAY,"mercado, clientes, licenciados e parceiros",Descoberta,Acompanhe a SE7EN PAY,Alcance,src/PUB-S20261026-1/assets/PUB-S20261026-1_p01_story.jpg,Pronto,-,Mila (gi-marketing),LOTE_2026_10
PUB-S20261026-2,26/10/2026,Segunda-feira,13:30,America/Sao_Paulo,Story,Story 9:16,Equipamentos,Story: Erro comum no ponto de captura móvel,Fale com um licenciado SE7EN PAY,lojistas e licenciados que escolhem o ponto de captura certo para cada negócio,Consideração,Fale com um licenciado SE7EN PAY,Alcance,src/PUB-S20261026-2/assets/PUB-S20261026-2_p01_story.mp4,Pronto,-,Mila (gi-marketing),LOTE_2026_10
PUB-S20261026-3,26/10/2026,Segunda-feira,20:00,America/Sao_Paulo,Story,Story 9:16,White label,Story: White label antes e depois,Conheça o white label SE7EN PAY,operações com volume que querem oferecer pagamentos com a própria marca,Consideração,Conheça o white label SE7EN PAY,Alcance,src/PUB-S20261026-3/assets/PUB-S20261026-3_p01_story.jpg,Pronto,-,Mila (gi-marketing),LOTE_2026_10
PUB-S20261027-1,27/10/2026,Terça-feira,08:30,America/Sao_Paulo,Story,Story 9:16,Estabelecimento comercial,Story: Margem de lucro no Pix,Fale com um licenciado SE7EN PAY,"lojistas, prestadores de serviço, comércio de bairro e redes",Consideração,Fale com um licenciado SE7EN PAY,Alcance,src/PUB-S20261027-1/assets/PUB-S20261027-1_p01_story.jpg,Pronto,-,Mila (gi-marketing),LOTE_2026_10
PUB-S20261027-2,27/10/2026,Terça-feira,13:30,America/Sao_Paulo,Story,Story 9:16,Licenciamento,Story: Bastidores da Universidade Confrapag,Seja licenciado SE7EN PAY,quem quer empreender em meios de pagamento e construir uma carteira própria,Consideração,Seja licenciado SE7EN PAY,Alcance,src/PUB-S20261027-2/assets/PUB-S20261027-2_p01_story.mp4,Pronto,-,Mila (gi-marketing),LOTE_2026_10
PUB-S20261028-1,28/10/2026,Quarta-feira,08:30,America/Sao_Paulo,Story,Story 9:16,White label,Story: White label para operações com volume,Conheça o white label SE7EN PAY,operações com volume que querem oferecer pagamentos com a própria marca,Consideração,Conheça o white label SE7EN PAY,Alcance,src/PUB-S20261028-1/assets/PUB-S20261028-1_p01_story.jpg,Pronto,-,Mila (gi-marketing),LOTE_2026_10
PUB-S20261028-2,28/10/2026,Quarta-feira,13:30,America/Sao_Paulo,Story,Story 9:16,Marca e confiança,Story: Bastidores da operação SE7EN PAY,Acompanhe a SE7EN PAY,"mercado, clientes, licenciados e parceiros",Descoberta,Acompanhe a SE7EN PAY,Alcance,src/PUB-S20261028-2/assets/PUB-S20261028-2_p01_story.mp4,Pronto,-,Mila (gi-marketing),LOTE_2026_10
PUB-S20261028-3,28/10/2026,Quarta-feira,20:00,America/Sao_Paulo,Story,Story 9:16,Equipamentos,Story: P2 Android 11 no balcão,Fale com um licenciado SE7EN PAY,lojistas e licenciados que escolhem o ponto de captura certo para cada negócio,Consideração,Fale com um licenciado SE7EN PAY,Alcance,src/PUB-S20261028-3/assets/PUB-S20261028-3_p01_story.jpg,Pronto,-,Mila (gi-marketing),LOTE_2026_10
PUB-S20261029-1,29/10/2026,Quinta-feira,08:30,America/Sao_Paulo,Story,Story 9:16,Licenciamento,Story: Licenciado: Venda resultado,Comente CARREIRA para receber o resumo de como funciona a carreira de licenciado no direct.,quem quer empreender em meios de pagamento e construir uma carteira própria,Consideração,Comente CARREIRA para receber o resumo de como funciona a carreira de licenciado no direct.,Alcance,src/PUB-S20261029-1/assets/PUB-S20261029-1_p01_story.jpg,Pronto,-,Mila (gi-marketing),LOTE_2026_10
PUB-S20261029-2,29/10/2026,Quinta-feira,13:30,America/Sao_Paulo,Story,Story 9:16,Estabelecimento comercial,Story: TEF integrado ao PDV e ERP,Fale com um licenciado SE7EN PAY,"lojistas, prestadores de serviço, comércio de bairro e redes",Consideração,Fale com um licenciado SE7EN PAY,Alcance,src/PUB-S20261029-2/assets/PUB-S20261029-2_p01_story.mp4,Pronto,-,Mila (gi-marketing),LOTE_2026_10
PUB-S20261029-3,29/10/2026,Quinta-feira,20:00,America/Sao_Paulo,Story,Story 9:16,Equipamentos,Story: Gertec PPC930 TEF,Fale com um licenciado SE7EN PAY,lojistas e licenciados que escolhem o ponto de captura certo para cada negócio,Consideração,Fale com um licenciado SE7EN PAY,Alcance,src/PUB-S20261029-3/assets/PUB-S20261029-3_p01_story.jpg,Pronto,-,Mila (gi-marketing),LOTE_2026_10
PUB-S20261030-1,30/10/2026,Sexta-feira,08:30,America/Sao_Paulo,Story,Story 9:16,Marca e confiança,Story: Bastidores operação campo,Acompanhe a SE7EN PAY,"mercado, clientes, licenciados e parceiros",Descoberta,Acompanhe a SE7EN PAY,Alcance,src/PUB-S20261030-1/assets/PUB-S20261030-1_p01_story.jpg,Pronto,-,Mila (gi-marketing),LOTE_2026_10
PUB-S20261030-2,30/10/2026,Sexta-feira,13:30,America/Sao_Paulo,Story,Story 9:16,Estabelecimento comercial,Story: Origem e destino do dinheiro,Fale com um licenciado SE7EN PAY,"lojistas, prestadores de serviço, comércio de bairro e redes",Consideração,Fale com um licenciado SE7EN PAY,Alcance,src/PUB-S20261030-2/assets/PUB-S20261030-2_p01_story.mp4,Pronto,-,Mila (gi-marketing),LOTE_2026_10
PUB-S20261030-3,30/10/2026,Sexta-feira,20:00,America/Sao_Paulo,Story,Story 9:16,White label,Story: Mito e verdade white label,Conheça o white label SE7EN PAY,operações com volume que querem oferecer pagamentos com a própria marca,Consideração,Conheça o white label SE7EN PAY,Alcance,src/PUB-S20261030-3/assets/PUB-S20261030-3_p01_story.jpg,Pronto,-,Mila (gi-marketing),LOTE_2026_10
PUB-S20261031-1,31/10/2026,Sábado,08:30,America/Sao_Paulo,Story,Story 9:16,Marca e confiança,Story: Erros em encontros regionais,Acompanhe a SE7EN PAY,"mercado, clientes, licenciados e parceiros",Descoberta,Acompanhe a SE7EN PAY,Alcance,src/PUB-S20261031-1/assets/PUB-S20261031-1_p01_story.jpg,Pronto,-,Mila (gi-marketing),LOTE_2026_10
PUB-S20261031-2,31/10/2026,Sábado,13:30,America/Sao_Paulo,Story,Story 9:16,Equipamentos,Story: Equipamento seminovo revisado SE7EN PAY,Fale com um licenciado SE7EN PAY,lojistas e licenciados que escolhem o ponto de captura certo para cada negócio,Consideração,Fale com um licenciado SE7EN PAY,Alcance,src/PUB-S20261031-2/assets/PUB-S20261031-2_p01_story.mp4,Pronto,-,Mila (gi-marketing),LOTE_2026_10
PUB-S20261031-3,31/10/2026,Sábado,20:00,America/Sao_Paulo,Story,Story 9:16,Licenciamento,Story: Exemplo de margem recorrente,Seja licenciado SE7EN PAY,quem quer empreender em meios de pagamento e construir uma carteira própria,Consideração,Seja licenciado SE7EN PAY,Alcance,src/PUB-S20261031-3/assets/PUB-S20261031-3_p01_story.jpg,Pronto,-,Mila (gi-marketing),LOTE_2026_10
PUB-202611-01,01/11/2026,Domingo,09:00,America/Sao_Paulo,Feed,Estático 4:5,Estabelecimento comercial,Pix estatico versus dinamico,Fale com um licenciado SE7EN PAY,"lojistas, prestadores de serviço, comércio de bairro e redes",Consideração,Fale com um licenciado SE7EN PAY,Alcance,src/PUB-202611-01/assets/PUB-202611-01_p01_v45.jpg,Pronto,-,Mila (gi-marketing),LOTE_2026_11
PUB-202611-02,01/11/2026,Domingo,12:30,America/Sao_Paulo,Reels,Reels 9:16,Licenciamento,Origem e destino do revenue share,Seja licenciado SE7EN PAY,quem quer empreender em meios de pagamento e construir uma carteira própria,Consideração,Seja licenciado SE7EN PAY,Alcance,src/PUB-202611-02/assets/PUB-202611-02_p01_reel.mp4,Pronto,-,Mila (gi-marketing),LOTE_2026_11
PUB-202611-03,01/11/2026,Domingo,18:30,America/Sao_Paulo,Feed,Carrossel 4:5,Estabelecimento comercial,Cálculo de margem por venda,Comente MARGEM para receber a conta de quanto sobra de cada venda no direct.,"lojistas, prestadores de serviço, comércio de bairro e redes",Consideração,Comente MARGEM para receber a conta de quanto sobra de cada venda no direct.,Saves,src/PUB-202611-03/assets/PUB-202611-03_p01_v45.jpg,Pronto,-,Mila (gi-marketing),LOTE_2026_11
PUB-202611-04,02/11/2026,Segunda-feira,09:00,America/Sao_Paulo,Reels,Reels 9:16,Licenciamento,Plano de carreira em pagamentos,Seja licenciado SE7EN PAY,quem quer empreender em meios de pagamento e construir uma carteira própria,Consideração,Seja licenciado SE7EN PAY,Alcance,src/PUB-202611-04/assets/PUB-202611-04_p01_reel.mp4,Pronto,-,Mila (gi-marketing),LOTE_2026_11
PUB-202611-05,02/11/2026,Segunda-feira,12:30,America/Sao_Paulo,Feed,Carrossel 4:5,Estabelecimento comercial,Farmacia erro caixa integrado,Fale com um licenciado SE7EN PAY,"lojistas, prestadores de serviço, comércio de bairro e redes",Consideração,Fale com um licenciado SE7EN PAY,Saves,src/PUB-202611-05/assets/PUB-202611-05_p01_v45.jpg,Pronto,-,Mila (gi-marketing),LOTE_2026_11
PUB-202611-06,02/11/2026,Segunda-feira,18:30,America/Sao_Paulo,Feed,Estático 4:5,Licenciamento,Kit do licenciado pronto,Seja licenciado SE7EN PAY,quem quer empreender em meios de pagamento e construir uma carteira própria,Consideração,Seja licenciado SE7EN PAY,Alcance,src/PUB-202611-06/assets/PUB-202611-06_p01_v45.jpg,Pronto,-,Mila (gi-marketing),LOTE_2026_11
PUB-202611-07,03/11/2026,Terça-feira,09:00,America/Sao_Paulo,Feed,Carrossel 4:5,Estabelecimento comercial,Checklist caixa padaria,Fale com um licenciado SE7EN PAY,"lojistas, prestadores de serviço, comércio de bairro e redes",Consideração,Fale com um licenciado SE7EN PAY,Saves,src/PUB-202611-07/assets/PUB-202611-07_p01_v45.jpg,Pronto,-,Mila (gi-marketing),LOTE_2026_11
PUB-202611-08,03/11/2026,Terça-feira,12:30,America/Sao_Paulo,Feed,Estático 4:5,Licenciamento,Universidade Confrapag e margem,Seja licenciado SE7EN PAY,quem quer empreender em meios de pagamento e construir uma carteira própria,Consideração,Seja licenciado SE7EN PAY,Alcance,src/PUB-202611-08/assets/PUB-202611-08_p01_v45.jpg,Pronto,-,Mila (gi-marketing),LOTE_2026_11
PUB-202611-09,03/11/2026,Terça-feira,18:30,America/Sao_Paulo,Reels,Reels 9:16,Estabelecimento comercial,Bastidores da distribuição de margem,Fale com um licenciado SE7EN PAY,"lojistas, prestadores de serviço, comércio de bairro e redes",Consideração,Fale com um licenciado SE7EN PAY,Alcance,src/PUB-202611-09/assets/PUB-202611-09_p01_reel.mp4,Pronto,-,Mila (gi-marketing),LOTE_2026_11
PUB-202611-11,04/11/2026,Quarta-feira,12:30,America/Sao_Paulo,Reels,Reels 9:16,Estabelecimento comercial,Pagamento e comanda no mesmo fluxo,Fale com um licenciado SE7EN PAY,"lojistas, prestadores de serviço, comércio de bairro e redes",Consideração,Fale com um licenciado SE7EN PAY,Alcance,src/PUB-202611-11/assets/PUB-202611-11_p01_reel.mp4,Pronto,-,Mila (gi-marketing),LOTE_2026_11
PUB-202611-12,04/11/2026,Quarta-feira,18:30,America/Sao_Paulo,Feed,Carrossel 4:5,Licenciamento,Processo de venda no varejo,Seja licenciado SE7EN PAY,quem quer empreender em meios de pagamento e construir uma carteira própria,Consideração,Seja licenciado SE7EN PAY,Saves,src/PUB-202611-12/assets/PUB-202611-12_p01_v45.jpg,Pronto,-,Mila (gi-marketing),LOTE_2026_11
PUB-202611-16,06/11/2026,Sexta-feira,09:00,America/Sao_Paulo,Feed,Carrossel 4:5,Licenciamento,Plano de carreira licenciados,Seja licenciado SE7EN PAY,quem quer empreender em meios de pagamento e construir uma carteira própria,Consideração,Seja licenciado SE7EN PAY,Saves,src/PUB-202611-16/assets/PUB-202611-16_p01_v45.jpg,Pronto,-,Mila (gi-marketing),LOTE_2026_11
PUB-202611-17,06/11/2026,Sexta-feira,12:30,America/Sao_Paulo,Feed,Estático 4:5,Estabelecimento comercial,Mito e verdade do Pix no caixa,Fale com um licenciado SE7EN PAY,"lojistas, prestadores de serviço, comércio de bairro e redes",Consideração,Fale com um licenciado SE7EN PAY,Alcance,src/PUB-202611-17/assets/PUB-202611-17_p01_v45.jpg,Pronto,-,Mila (gi-marketing),LOTE_2026_11
PUB-202611-18,06/11/2026,Sexta-feira,18:30,America/Sao_Paulo,Reels,Reels 9:16,Licenciamento,Gestão do licenciado e margem,Seja licenciado SE7EN PAY,quem quer empreender em meios de pagamento e construir uma carteira própria,Consideração,Seja licenciado SE7EN PAY,Alcance,src/PUB-202611-18/assets/PUB-202611-18_p01_reel.mp4,Pronto,-,Mila (gi-marketing),LOTE_2026_11
PUB-202611-22,08/11/2026,Domingo,09:00,America/Sao_Paulo,Reels,Reels 9:16,Licenciamento,Suporte e margem do licenciado,Seja licenciado SE7EN PAY,quem quer empreender em meios de pagamento e construir uma carteira própria,Consideração,Seja licenciado SE7EN PAY,Alcance,src/PUB-202611-22/assets/PUB-202611-22_p01_reel.mp4,Pronto,-,Mila (gi-marketing),LOTE_2026_11
PUB-202611-23,08/11/2026,Domingo,12:30,America/Sao_Paulo,Feed,Carrossel 4:5,Estabelecimento comercial,Checklist recebimento PIX,Comente MARGEM para receber a conta de quanto sobra de cada venda no direct.,"lojistas, prestadores de serviço, comércio de bairro e redes",Consideração,Comente MARGEM para receber a conta de quanto sobra de cada venda no direct.,Saves,src/PUB-202611-23/assets/PUB-202611-23_p01_v45.jpg,Pronto,-,Mila (gi-marketing),LOTE_2026_11
PUB-202611-24,08/11/2026,Domingo,18:30,America/Sao_Paulo,Feed,Estático 4:5,Licenciamento,Licenciamento carteira pagamentos,Seja licenciado SE7EN PAY,quem quer empreender em meios de pagamento e construir uma carteira própria,Consideração,Seja licenciado SE7EN PAY,Alcance,src/PUB-202611-24/assets/PUB-202611-24_p01_v45.jpg,Pronto,-,Mila (gi-marketing),LOTE_2026_11
PUB-S20261101-1,01/11/2026,Domingo,08:30,America/Sao_Paulo,Story,Story 9:16,Estabelecimento comercial,Story: Cálculo de margem por venda,Comente MARGEM para receber a conta de quanto sobra de cada venda no direct.,"lojistas, prestadores de serviço, comércio de bairro e redes",Consideração,Comente MARGEM para receber a conta de quanto sobra de cada venda no direct.,Alcance,src/PUB-S20261101-1/assets/PUB-S20261101-1_p01_story.jpg,Pronto,-,Mila (gi-marketing),LOTE_2026_11
PUB-S20261101-2,01/11/2026,Domingo,13:30,America/Sao_Paulo,Story,Story 9:16,Licenciamento,Story: Origem e destino do revenue share,Seja licenciado SE7EN PAY,quem quer empreender em meios de pagamento e construir uma carteira própria,Consideração,Seja licenciado SE7EN PAY,Alcance,src/PUB-S20261101-2/assets/PUB-S20261101-2_p01_story.mp4,Pronto,-,Mila (gi-marketing),LOTE_2026_11
PUB-S20261101-3,01/11/2026,Domingo,20:00,America/Sao_Paulo,Story,Story 9:16,Estabelecimento comercial,Story: Pix estatico versus dinamico,Fale com um licenciado SE7EN PAY,"lojistas, prestadores de serviço, comércio de bairro e redes",Consideração,Fale com um licenciado SE7EN PAY,Alcance,src/PUB-S20261101-3/assets/PUB-S20261101-3_p01_story.jpg,Pronto,-,Mila (gi-marketing),LOTE_2026_11
PUB-S20261102-1,02/11/2026,Segunda-feira,08:30,America/Sao_Paulo,Story,Story 9:16,Estabelecimento comercial,Story: Farmacia erro caixa integrado,Fale com um licenciado SE7EN PAY,"lojistas, prestadores de serviço, comércio de bairro e redes",Consideração,Fale com um licenciado SE7EN PAY,Alcance,src/PUB-S20261102-1/assets/PUB-S20261102-1_p01_story.jpg,Pronto,-,Mila (gi-marketing),LOTE_2026_11
PUB-S20261102-2,02/11/2026,Segunda-feira,13:30,America/Sao_Paulo,Story,Story 9:16,Licenciamento,Story: Plano de carreira em pagamentos,Seja licenciado SE7EN PAY,quem quer empreender em meios de pagamento e construir uma carteira própria,Consideração,Seja licenciado SE7EN PAY,Alcance,src/PUB-S20261102-2/assets/PUB-S20261102-2_p01_story.mp4,Pronto,-,Mila (gi-marketing),LOTE_2026_11
PUB-S20261102-3,02/11/2026,Segunda-feira,20:00,America/Sao_Paulo,Story,Story 9:16,Licenciamento,Story: Kit do licenciado pronto,Seja licenciado SE7EN PAY,quem quer empreender em meios de pagamento e construir uma carteira própria,Consideração,Seja licenciado SE7EN PAY,Alcance,src/PUB-S20261102-3/assets/PUB-S20261102-3_p01_story.jpg,Pronto,-,Mila (gi-marketing),LOTE_2026_11
PUB-S20261103-1,03/11/2026,Terça-feira,08:30,America/Sao_Paulo,Story,Story 9:16,Estabelecimento comercial,Story: Checklist caixa padaria,Fale com um licenciado SE7EN PAY,"lojistas, prestadores de serviço, comércio de bairro e redes",Consideração,Fale com um licenciado SE7EN PAY,Alcance,src/PUB-S20261103-1/assets/PUB-S20261103-1_p01_story.jpg,Pronto,-,Mila (gi-marketing),LOTE_2026_11
PUB-S20261103-2,03/11/2026,Terça-feira,13:30,America/Sao_Paulo,Story,Story 9:16,Estabelecimento comercial,Story: Bastidores da distribuição de margem,Fale com um licenciado SE7EN PAY,"lojistas, prestadores de serviço, comércio de bairro e redes",Consideração,Fale com um licenciado SE7EN PAY,Alcance,src/PUB-S20261103-2/assets/PUB-S20261103-2_p01_story.mp4,Pronto,-,Mila (gi-marketing),LOTE_2026_11
PUB-S20261103-3,03/11/2026,Terça-feira,20:00,America/Sao_Paulo,Story,Story 9:16,Licenciamento,Story: Universidade Confrapag e margem,Seja licenciado SE7EN PAY,quem quer empreender em meios de pagamento e construir uma carteira própria,Consideração,Seja licenciado SE7EN PAY,Alcance,src/PUB-S20261103-3/assets/PUB-S20261103-3_p01_story.jpg,Pronto,-,Mila (gi-marketing),LOTE_2026_11
PUB-S20261104-1,04/11/2026,Quarta-feira,08:30,America/Sao_Paulo,Story,Story 9:16,Licenciamento,Story: Processo de venda no varejo,Seja licenciado SE7EN PAY,quem quer empreender em meios de pagamento e construir uma carteira própria,Consideração,Seja licenciado SE7EN PAY,Alcance,src/PUB-S20261104-1/assets/PUB-S20261104-1_p01_story.jpg,Pronto,-,Mila (gi-marketing),LOTE_2026_11
PUB-S20261104-2,04/11/2026,Quarta-feira,13:30,America/Sao_Paulo,Story,Story 9:16,Estabelecimento comercial,Story: Pagamento e comanda no mesmo fluxo,Fale com um licenciado SE7EN PAY,"lojistas, prestadores de serviço, comércio de bairro e redes",Consideração,Fale com um licenciado SE7EN PAY,Alcance,src/PUB-S20261104-2/assets/PUB-S20261104-2_p01_story.mp4,Pronto,-,Mila (gi-marketing),LOTE_2026_11
PUB-S20261106-1,06/11/2026,Sexta-feira,08:30,America/Sao_Paulo,Story,Story 9:16,Licenciamento,Story: Plano de carreira licenciados,Seja licenciado SE7EN PAY,quem quer empreender em meios de pagamento e construir uma carteira própria,Consideração,Seja licenciado SE7EN PAY,Alcance,src/PUB-S20261106-1/assets/PUB-S20261106-1_p01_story.jpg,Pronto,-,Mila (gi-marketing),LOTE_2026_11
PUB-S20261106-2,06/11/2026,Sexta-feira,13:30,America/Sao_Paulo,Story,Story 9:16,Licenciamento,Story: Gestão do licenciado e margem,Seja licenciado SE7EN PAY,quem quer empreender em meios de pagamento e construir uma carteira própria,Consideração,Seja licenciado SE7EN PAY,Alcance,src/PUB-S20261106-2/assets/PUB-S20261106-2_p01_story.mp4,Pronto,-,Mila (gi-marketing),LOTE_2026_11
PUB-S20261106-3,06/11/2026,Sexta-feira,20:00,America/Sao_Paulo,Story,Story 9:16,Estabelecimento comercial,Story: Mito e verdade do Pix no caixa,Fale com um licenciado SE7EN PAY,"lojistas, prestadores de serviço, comércio de bairro e redes",Consideração,Fale com um licenciado SE7EN PAY,Alcance,src/PUB-S20261106-3/assets/PUB-S20261106-3_p01_story.jpg,Pronto,-,Mila (gi-marketing),LOTE_2026_11
PUB-S20261108-1,08/11/2026,Domingo,08:30,America/Sao_Paulo,Story,Story 9:16,Estabelecimento comercial,Story: Checklist recebimento PIX,Comente MARGEM para receber a conta de quanto sobra de cada venda no direct.,"lojistas, prestadores de serviço, comércio de bairro e redes",Consideração,Comente MARGEM para receber a conta de quanto sobra de cada venda no direct.,Alcance,src/PUB-S20261108-1/assets/PUB-S20261108-1_p01_story.jpg,Pronto,-,Mila (gi-marketing),LOTE_2026_11
PUB-S20261108-2,08/11/2026,Domingo,13:30,America/Sao_Paulo,Story,Story 9:16,Licenciamento,Story: Suporte e margem do licenciado,Seja licenciado SE7EN PAY,quem quer empreender em meios de pagamento e construir uma carteira própria,Consideração,Seja licenciado SE7EN PAY,Alcance,src/PUB-S20261108-2/assets/PUB-S20261108-2_p01_story.mp4,Pronto,-,Mila (gi-marketing),LOTE_2026_11
PUB-S20261108-3,08/11/2026,Domingo,20:00,America/Sao_Paulo,Story,Story 9:16,Licenciamento,Story: Licenciamento carteira pagamentos,Seja licenciado SE7EN PAY,quem quer empreender em meios de pagamento e construir uma carteira própria,Consideração,Seja licenciado SE7EN PAY,Alcance,src/PUB-S20261108-3/assets/PUB-S20261108-3_p01_story.jpg,Pronto,-,Mila (gi-marketing),LOTE_2026_11
PUB-202611-13,05/11/2026,Quinta-feira,09:00,America/Sao_Paulo,Reels,Reels 9:16,Estabelecimento comercial,Margem oculta no varejo,Fale com um licenciado SE7EN PAY,"lojistas, prestadores de serviço, comércio de bairro e redes",Consideração,Fale com um licenciado SE7EN PAY,Alcance,src/PUB-202611-13/assets/PUB-202611-13_p01_reel.mp4,Pronto,-,Mila (gi-marketing),LOTE_2026_11
PUB-202611-14,05/11/2026,Quinta-feira,12:30,America/Sao_Paulo,Feed,Carrossel 4:5,Licenciamento,"Glossário do licenciado: BIN, PAN e MDR",Seja licenciado SE7EN PAY,quem quer empreender em meios de pagamento e construir uma carteira própria,Consideração,Seja licenciado SE7EN PAY,Saves,src/PUB-202611-14/assets/PUB-202611-14_p01_v45.jpg,Pronto,-,Mila (gi-marketing),LOTE_2026_11
PUB-202611-15,05/11/2026,Quinta-feira,18:30,America/Sao_Paulo,Feed,Estático 4:5,Estabelecimento comercial,Aplicativo por perfil de negócio,Fale com um licenciado SE7EN PAY,"lojistas, prestadores de serviço, comércio de bairro e redes",Consideração,Fale com um licenciado SE7EN PAY,Alcance,src/PUB-202611-15/assets/PUB-202611-15_p01_v45.jpg,Pronto,-,Mila (gi-marketing),LOTE_2026_11
PUB-202611-19,07/11/2026,Sábado,09:00,America/Sao_Paulo,Feed,Estático 4:5,Estabelecimento comercial,TEF integrado ao PDV,Fale com um licenciado SE7EN PAY,"lojistas, prestadores de serviço, comércio de bairro e redes",Consideração,Fale com um licenciado SE7EN PAY,Alcance,src/PUB-202611-19/assets/PUB-202611-19_p01_v45.jpg,Pronto,-,Mila (gi-marketing),LOTE_2026_11
PUB-202611-20,07/11/2026,Sábado,12:30,America/Sao_Paulo,Reels,Reels 9:16,Licenciamento,Universidade Confrapag e margem,Seja licenciado SE7EN PAY,quem quer empreender em meios de pagamento e construir uma carteira própria,Consideração,Seja licenciado SE7EN PAY,Alcance,src/PUB-202611-20/assets/PUB-202611-20_p01_reel.mp4,Pronto,-,Mila (gi-marketing),LOTE_2026_11
PUB-202611-21,07/11/2026,Sábado,18:30,America/Sao_Paulo,Feed,Carrossel 4:5,Estabelecimento comercial,Erro comum na divisão de comissões,Fale com um licenciado SE7EN PAY,"lojistas, prestadores de serviço, comércio de bairro e redes",Consideração,Fale com um licenciado SE7EN PAY,Saves,src/PUB-202611-21/assets/PUB-202611-21_p01_v45.jpg,Pronto,-,Mila (gi-marketing),LOTE_2026_11
PUB-202611-25,09/11/2026,Segunda-feira,09:00,America/Sao_Paulo,Feed,Carrossel 4:5,Estabelecimento comercial,Distribuição programável de margem explicada,Fale com um licenciado SE7EN PAY,"lojistas, prestadores de serviço, comércio de bairro e redes",Consideração,Fale com um licenciado SE7EN PAY,Saves,src/PUB-202611-25/assets/PUB-202611-25_p01_v45.jpg,Pronto,-,Mila (gi-marketing),LOTE_2026_11
PUB-202611-26,09/11/2026,Segunda-feira,12:30,America/Sao_Paulo,Feed,Estático 4:5,Licenciamento,Revenue Share Recorrente,Seja licenciado SE7EN PAY,quem quer empreender em meios de pagamento e construir uma carteira própria,Consideração,Seja licenciado SE7EN PAY,Alcance,src/PUB-202611-26/assets/PUB-202611-26_p01_v45.jpg,Pronto,-,Mila (gi-marketing),LOTE_2026_11
PUB-202611-27,09/11/2026,Segunda-feira,18:30,America/Sao_Paulo,Reels,Reels 9:16,Estabelecimento comercial,Conta Digital e Margem,Fale com um licenciado SE7EN PAY,"lojistas, prestadores de serviço, comércio de bairro e redes",Consideração,Fale com um licenciado SE7EN PAY,Alcance,src/PUB-202611-27/assets/PUB-202611-27_p01_reel.mp4,Pronto,-,Mila (gi-marketing),LOTE_2026_11
PUB-202611-28,10/11/2026,Terça-feira,09:00,America/Sao_Paulo,Feed,Estático 4:5,Licenciamento,Erro comum no licenciamento,Seja licenciado SE7EN PAY,quem quer empreender em meios de pagamento e construir uma carteira própria,Consideração,Seja licenciado SE7EN PAY,Alcance,src/PUB-202611-28/assets/PUB-202611-28_p01_v45.jpg,Pronto,-,Mila (gi-marketing),LOTE_2026_11
PUB-202611-29,10/11/2026,Terça-feira,12:30,America/Sao_Paulo,Reels,Reels 9:16,Equipamentos,PAX S920 e Pix na tela,Fale com um licenciado SE7EN PAY,lojistas e licenciados que escolhem o ponto de captura certo para cada negócio,Consideração,Fale com um licenciado SE7EN PAY,Alcance,src/PUB-202611-29/assets/PUB-202611-29_p01_reel.mp4,Pronto,-,Mila (gi-marketing),LOTE_2026_11
PUB-202611-30,10/11/2026,Terça-feira,18:30,America/Sao_Paulo,Feed,Carrossel 4:5,Marca e confiança,Bastidores montagem evento,Acompanhe a SE7EN PAY,"mercado, clientes, licenciados e parceiros",Descoberta,Acompanhe a SE7EN PAY,Saves,src/PUB-202611-30/assets/PUB-202611-30_p01_v45.jpg,Pronto,-,Mila (gi-marketing),LOTE_2026_11
PUB-202611-31,11/11/2026,Quarta-feira,09:00,America/Sao_Paulo,Reels,Reels 9:16,Estabelecimento comercial,Margem real da venda,Fale com um licenciado SE7EN PAY,"lojistas, prestadores de serviço, comércio de bairro e redes",Consideração,Fale com um licenciado SE7EN PAY,Alcance,src/PUB-202611-31/assets/PUB-202611-31_p01_reel.mp4,Pronto,-,Mila (gi-marketing),LOTE_2026_11
PUB-202611-32,11/11/2026,Quarta-feira,12:30,America/Sao_Paulo,Feed,Carrossel 4:5,Licenciamento,Licenciamento e gestão de carteira,Seja licenciado SE7EN PAY,quem quer empreender em meios de pagamento e construir uma carteira própria,Consideração,Seja licenciado SE7EN PAY,Saves,src/PUB-202611-32/assets/PUB-202611-32_p01_v45.jpg,Pronto,-,Mila (gi-marketing),LOTE_2026_11
PUB-202611-33,11/11/2026,Quarta-feira,18:30,America/Sao_Paulo,Feed,Estático 4:5,Equipamentos,Mito e verdade seminovo,Fale com um licenciado SE7EN PAY,lojistas e licenciados que escolhem o ponto de captura certo para cada negócio,Consideração,Fale com um licenciado SE7EN PAY,Alcance,src/PUB-202611-33/assets/PUB-202611-33_p01_v45.jpg,Pronto,-,Mila (gi-marketing),LOTE_2026_11
PUB-202611-34,12/11/2026,Quinta-feira,09:00,America/Sao_Paulo,Feed,Carrossel 4:5,Marca e confiança,Encontros regionais e bastidores,Acompanhe a SE7EN PAY,"mercado, clientes, licenciados e parceiros",Descoberta,Acompanhe a SE7EN PAY,Saves,src/PUB-202611-34/assets/PUB-202611-34_p01_v45.jpg,Pronto,-,Mila (gi-marketing),LOTE_2026_11
PUB-202611-35,12/11/2026,Quinta-feira,12:30,America/Sao_Paulo,Feed,Estático 4:5,Estabelecimento comercial,Exemplo de margem no caixa,Fale com um licenciado SE7EN PAY,"lojistas, prestadores de serviço, comércio de bairro e redes",Consideração,Fale com um licenciado SE7EN PAY,Alcance,src/PUB-202611-35/assets/PUB-202611-35_p01_v45.jpg,Pronto,-,Mila (gi-marketing),LOTE_2026_11
PUB-202611-36,12/11/2026,Quinta-feira,18:30,America/Sao_Paulo,Reels,Reels 9:16,Licenciamento,Universidade Confrapag: sua carreira,Seja licenciado SE7EN PAY,quem quer empreender em meios de pagamento e construir uma carteira própria,Consideração,Seja licenciado SE7EN PAY,Alcance,src/PUB-202611-36/assets/PUB-202611-36_p01_reel.mp4,Pronto,-,Mila (gi-marketing),LOTE_2026_11
PUB-S20261105-1,05/11/2026,Quinta-feira,08:30,America/Sao_Paulo,Story,Story 9:16,Licenciamento,"Story: Glossário do licenciado: BIN, PAN e MDR",Seja licenciado SE7EN PAY,quem quer empreender em meios de pagamento e construir uma carteira própria,Consideração,Seja licenciado SE7EN PAY,Alcance,src/PUB-S20261105-1/assets/PUB-S20261105-1_p01_story.jpg,Pronto,-,Mila (gi-marketing),LOTE_2026_11
PUB-S20261105-2,05/11/2026,Quinta-feira,13:30,America/Sao_Paulo,Story,Story 9:16,Estabelecimento comercial,Story: Margem oculta no varejo,Fale com um licenciado SE7EN PAY,"lojistas, prestadores de serviço, comércio de bairro e redes",Consideração,Fale com um licenciado SE7EN PAY,Alcance,src/PUB-S20261105-2/assets/PUB-S20261105-2_p01_story.mp4,Pronto,-,Mila (gi-marketing),LOTE_2026_11
PUB-S20261105-3,05/11/2026,Quinta-feira,20:00,America/Sao_Paulo,Story,Story 9:16,Estabelecimento comercial,Story: Aplicativo por perfil de negócio,Fale com um licenciado SE7EN PAY,"lojistas, prestadores de serviço, comércio de bairro e redes",Consideração,Fale com um licenciado SE7EN PAY,Alcance,src/PUB-S20261105-3/assets/PUB-S20261105-3_p01_story.jpg,Pronto,-,Mila (gi-marketing),LOTE_2026_11
PUB-S20261107-1,07/11/2026,Sábado,08:30,America/Sao_Paulo,Story,Story 9:16,Estabelecimento comercial,Story: Erro comum na divisão de comissões,Fale com um licenciado SE7EN PAY,"lojistas, prestadores de serviço, comércio de bairro e redes",Consideração,Fale com um licenciado SE7EN PAY,Alcance,src/PUB-S20261107-1/assets/PUB-S20261107-1_p01_story.jpg,Pronto,-,Mila (gi-marketing),LOTE_2026_11
PUB-S20261107-2,07/11/2026,Sábado,13:30,America/Sao_Paulo,Story,Story 9:16,Licenciamento,Story: Universidade Confrapag e margem,Seja licenciado SE7EN PAY,quem quer empreender em meios de pagamento e construir uma carteira própria,Consideração,Seja licenciado SE7EN PAY,Alcance,src/PUB-S20261107-2/assets/PUB-S20261107-2_p01_story.mp4,Pronto,-,Mila (gi-marketing),LOTE_2026_11
PUB-S20261107-3,07/11/2026,Sábado,20:00,America/Sao_Paulo,Story,Story 9:16,Estabelecimento comercial,Story: TEF integrado ao PDV,Fale com um licenciado SE7EN PAY,"lojistas, prestadores de serviço, comércio de bairro e redes",Consideração,Fale com um licenciado SE7EN PAY,Alcance,src/PUB-S20261107-3/assets/PUB-S20261107-3_p01_story.jpg,Pronto,-,Mila (gi-marketing),LOTE_2026_11
PUB-S20261109-1,09/11/2026,Segunda-feira,08:30,America/Sao_Paulo,Story,Story 9:16,Estabelecimento comercial,Story: Distribuição programável de margem explicada,Fale com um licenciado SE7EN PAY,"lojistas, prestadores de serviço, comércio de bairro e redes",Consideração,Fale com um licenciado SE7EN PAY,Alcance,src/PUB-S20261109-1/assets/PUB-S20261109-1_p01_story.jpg,Pronto,-,Mila (gi-marketing),LOTE_2026_11
PUB-S20261109-2,09/11/2026,Segunda-feira,13:30,America/Sao_Paulo,Story,Story 9:16,Estabelecimento comercial,Story: Conta Digital e Margem,Fale com um licenciado SE7EN PAY,"lojistas, prestadores de serviço, comércio de bairro e redes",Consideração,Fale com um licenciado SE7EN PAY,Alcance,src/PUB-S20261109-2/assets/PUB-S20261109-2_p01_story.mp4,Pronto,-,Mila (gi-marketing),LOTE_2026_11
PUB-S20261109-3,09/11/2026,Segunda-feira,20:00,America/Sao_Paulo,Story,Story 9:16,Licenciamento,Story: Revenue Share Recorrente,Seja licenciado SE7EN PAY,quem quer empreender em meios de pagamento e construir uma carteira própria,Consideração,Seja licenciado SE7EN PAY,Alcance,src/PUB-S20261109-3/assets/PUB-S20261109-3_p01_story.jpg,Pronto,-,Mila (gi-marketing),LOTE_2026_11
PUB-S20261110-1,10/11/2026,Terça-feira,08:30,America/Sao_Paulo,Story,Story 9:16,Marca e confiança,Story: Bastidores montagem evento,Acompanhe a SE7EN PAY,"mercado, clientes, licenciados e parceiros",Descoberta,Acompanhe a SE7EN PAY,Alcance,src/PUB-S20261110-1/assets/PUB-S20261110-1_p01_story.jpg,Pronto,-,Mila (gi-marketing),LOTE_2026_11
PUB-S20261110-2,10/11/2026,Terça-feira,13:30,America/Sao_Paulo,Story,Story 9:16,Equipamentos,Story: PAX S920 e Pix na tela,Fale com um licenciado SE7EN PAY,lojistas e licenciados que escolhem o ponto de captura certo para cada negócio,Consideração,Fale com um licenciado SE7EN PAY,Alcance,src/PUB-S20261110-2/assets/PUB-S20261110-2_p01_story.mp4,Pronto,-,Mila (gi-marketing),LOTE_2026_11
PUB-S20261110-3,10/11/2026,Terça-feira,20:00,America/Sao_Paulo,Story,Story 9:16,Licenciamento,Story: Erro comum no licenciamento,Seja licenciado SE7EN PAY,quem quer empreender em meios de pagamento e construir uma carteira própria,Consideração,Seja licenciado SE7EN PAY,Alcance,src/PUB-S20261110-3/assets/PUB-S20261110-3_p01_story.jpg,Pronto,-,Mila (gi-marketing),LOTE_2026_11
PUB-S20261111-1,11/11/2026,Quarta-feira,08:30,America/Sao_Paulo,Story,Story 9:16,Licenciamento,Story: Licenciamento e gestão de carteira,Seja licenciado SE7EN PAY,quem quer empreender em meios de pagamento e construir uma carteira própria,Consideração,Seja licenciado SE7EN PAY,Alcance,src/PUB-S20261111-1/assets/PUB-S20261111-1_p01_story.jpg,Pronto,-,Mila (gi-marketing),LOTE_2026_11
PUB-S20261111-2,11/11/2026,Quarta-feira,13:30,America/Sao_Paulo,Story,Story 9:16,Estabelecimento comercial,Story: Margem real da venda,Fale com um licenciado SE7EN PAY,"lojistas, prestadores de serviço, comércio de bairro e redes",Consideração,Fale com um licenciado SE7EN PAY,Alcance,src/PUB-S20261111-2/assets/PUB-S20261111-2_p01_story.mp4,Pronto,-,Mila (gi-marketing),LOTE_2026_11
PUB-S20261111-3,11/11/2026,Quarta-feira,20:00,America/Sao_Paulo,Story,Story 9:16,Equipamentos,Story: Mito e verdade seminovo,Fale com um licenciado SE7EN PAY,lojistas e licenciados que escolhem o ponto de captura certo para cada negócio,Consideração,Fale com um licenciado SE7EN PAY,Alcance,src/PUB-S20261111-3/assets/PUB-S20261111-3_p01_story.jpg,Pronto,-,Mila (gi-marketing),LOTE_2026_11
PUB-S20261112-1,12/11/2026,Quinta-feira,08:30,America/Sao_Paulo,Story,Story 9:16,Marca e confiança,Story: Encontros regionais e bastidores,Acompanhe a SE7EN PAY,"mercado, clientes, licenciados e parceiros",Descoberta,Acompanhe a SE7EN PAY,Alcance,src/PUB-S20261112-1/assets/PUB-S20261112-1_p01_story.jpg,Pronto,-,Mila (gi-marketing),LOTE_2026_11
PUB-S20261112-2,12/11/2026,Quinta-feira,13:30,America/Sao_Paulo,Story,Story 9:16,Licenciamento,Story: Universidade Confrapag: sua carreira,Seja licenciado SE7EN PAY,quem quer empreender em meios de pagamento e construir uma carteira própria,Consideração,Seja licenciado SE7EN PAY,Alcance,src/PUB-S20261112-2/assets/PUB-S20261112-2_p01_story.mp4,Pronto,-,Mila (gi-marketing),LOTE_2026_11
PUB-S20261112-3,12/11/2026,Quinta-feira,20:00,America/Sao_Paulo,Story,Story 9:16,Estabelecimento comercial,Story: Exemplo de margem no caixa,Fale com um licenciado SE7EN PAY,"lojistas, prestadores de serviço, comércio de bairro e redes",Consideração,Fale com um licenciado SE7EN PAY,Alcance,src/PUB-S20261112-3/assets/PUB-S20261112-3_p01_story.jpg,Pronto,-,Mila (gi-marketing),LOTE_2026_11
PUB-202611-37,13/11/2026,Sexta-feira,09:00,America/Sao_Paulo,Feed,Estático 4:5,Equipamentos,P2 Android 11: Ponto de Captura,Fale com um licenciado SE7EN PAY,lojistas e licenciados que escolhem o ponto de captura certo para cada negócio,Consideração,Fale com um licenciado SE7EN PAY,Alcance,src/PUB-202611-37/assets/PUB-202611-37_p01_v45.jpg,Pronto,-,Mila (gi-marketing),LOTE_2026_11
PUB-202611-38,13/11/2026,Sexta-feira,12:30,America/Sao_Paulo,Reels,Reels 9:16,Marca e confiança,Bastidores e segurança SE7EN PAY,Acompanhe a SE7EN PAY,"mercado, clientes, licenciados e parceiros",Descoberta,Acompanhe a SE7EN PAY,Alcance,src/PUB-202611-38/assets/PUB-202611-38_p01_reel.mp4,Pronto,-,Mila (gi-marketing),LOTE_2026_11
PUB-202611-39,13/11/2026,Sexta-feira,18:30,America/Sao_Paulo,Feed,Carrossel 4:5,Estabelecimento comercial,Checklist margem Pix POS,Fale com um licenciado SE7EN PAY,"lojistas, prestadores de serviço, comércio de bairro e redes",Consideração,Fale com um licenciado SE7EN PAY,Saves,src/PUB-202611-39/assets/PUB-202611-39_p01_v45.jpg,Pronto,-,Mila (gi-marketing),LOTE_2026_11
PUB-202611-40,14/11/2026,Sábado,09:00,America/Sao_Paulo,Reels,Reels 9:16,Licenciamento,Mito e verdade sobre suporte,Seja licenciado SE7EN PAY,quem quer empreender em meios de pagamento e construir uma carteira própria,Consideração,Seja licenciado SE7EN PAY,Alcance,src/PUB-202611-40/assets/PUB-202611-40_p01_reel.mp4,Pronto,-,Mila (gi-marketing),LOTE_2026_11
PUB-202611-41,14/11/2026,Sábado,12:30,America/Sao_Paulo,Feed,Carrossel 4:5,Equipamentos,PAX S920 no balcão,Fale com um licenciado SE7EN PAY,lojistas e licenciados que escolhem o ponto de captura certo para cada negócio,Consideração,Fale com um licenciado SE7EN PAY,Saves,src/PUB-202611-41/assets/PUB-202611-41_p01_v45.jpg,Pronto,-,Mila (gi-marketing),LOTE_2026_11
PUB-202611-42,14/11/2026,Sábado,18:30,America/Sao_Paulo,Feed,Estático 4:5,Marca e confiança,Bastidores e confiança SE7EN PAY,Acompanhe a SE7EN PAY,"mercado, clientes, licenciados e parceiros",Descoberta,Acompanhe a SE7EN PAY,Alcance,src/PUB-202611-42/assets/PUB-202611-42_p01_v45.jpg,Pronto,-,Mila (gi-marketing),LOTE_2026_11
PUB-202611-43,15/11/2026,Domingo,09:00,America/Sao_Paulo,Feed,Carrossel 4:5,Estabelecimento comercial,TEF integrado ao PDV e ERP,Comente MARGEM para receber a conta de quanto sobra de cada venda no direct.,"lojistas, prestadores de serviço, comércio de bairro e redes",Consideração,Comente MARGEM para receber a conta de quanto sobra de cada venda no direct.,Saves,src/PUB-202611-43/assets/PUB-202611-43_p01_v45.jpg,Pronto,-,Mila (gi-marketing),LOTE_2026_11
PUB-202611-44,15/11/2026,Domingo,12:30,America/Sao_Paulo,Feed,Estático 4:5,Licenciamento,Erro comum carteira pagamentos,Seja licenciado SE7EN PAY,quem quer empreender em meios de pagamento e construir uma carteira própria,Consideração,Seja licenciado SE7EN PAY,Alcance,src/PUB-202611-44/assets/PUB-202611-44_p01_v45.jpg,Pronto,-,Mila (gi-marketing),LOTE_2026_11
PUB-202611-45,15/11/2026,Domingo,18:30,America/Sao_Paulo,Reels,Reels 9:16,Equipamentos,Venda em movimento com Android,Fale com um licenciado SE7EN PAY,lojistas e licenciados que escolhem o ponto de captura certo para cada negócio,Consideração,Fale com um licenciado SE7EN PAY,Alcance,src/PUB-202611-45/assets/PUB-202611-45_p01_reel.mp4,Pronto,-,Mila (gi-marketing),LOTE_2026_11
PUB-202611-64,22/11/2026,Domingo,09:00,America/Sao_Paulo,Feed,Estático 4:5,White label,White label explicação fluxo,Conheça o white label SE7EN PAY,operações com volume que querem oferecer pagamentos com a própria marca,Consideração,Conheça o white label SE7EN PAY,Alcance,src/PUB-202611-64/assets/PUB-202611-64_p01_v45.jpg,Pronto,-,Mila (gi-marketing),LOTE_2026_11
PUB-202611-65,22/11/2026,Domingo,12:30,America/Sao_Paulo,Reels,Reels 9:16,Equipamentos,PIN Pad Gertec PPC930 com TEF,Fale com um licenciado SE7EN PAY,lojistas e licenciados que escolhem o ponto de captura certo para cada negócio,Consideração,Fale com um licenciado SE7EN PAY,Alcance,src/PUB-202611-65/assets/PUB-202611-65_p01_reel.mp4,Pronto,-,Mila (gi-marketing),LOTE_2026_11
PUB-202611-66,22/11/2026,Domingo,18:30,America/Sao_Paulo,Feed,Carrossel 4:5,Marca e confiança,Bastidores da operação SE7EN PAY,Acompanhe a SE7EN PAY,"mercado, clientes, licenciados e parceiros",Descoberta,Acompanhe a SE7EN PAY,Saves,src/PUB-202611-66/assets/PUB-202611-66_p01_v45.jpg,Pronto,-,Mila (gi-marketing),LOTE_2026_11
PUB-202611-67,23/11/2026,Segunda-feira,09:00,America/Sao_Paulo,Reels,Reels 9:16,Estabelecimento comercial,Clareza na margem de lucro,Fale com um licenciado SE7EN PAY,"lojistas, prestadores de serviço, comércio de bairro e redes",Consideração,Fale com um licenciado SE7EN PAY,Alcance,src/PUB-202611-67/assets/PUB-202611-67_p01_reel.mp4,Pronto,-,Mila (gi-marketing),LOTE_2026_11
PUB-202611-68,23/11/2026,Segunda-feira,12:30,America/Sao_Paulo,Feed,Carrossel 4:5,Licenciamento,Suporte operacional do licenciado,Comente CARREIRA para receber o resumo de como funciona a carreira de licenciado no direct.,quem quer empreender em meios de pagamento e construir uma carteira própria,Consideração,Comente CARREIRA para receber o resumo de como funciona a carreira de licenciado no direct.,Saves,src/PUB-202611-68/assets/PUB-202611-68_p01_v45.jpg,Pronto,-,Mila (gi-marketing),LOTE_2026_11
PUB-202611-69,23/11/2026,Segunda-feira,18:30,America/Sao_Paulo,Feed,Estático 4:5,White label,White label antes e depois,Conheça o white label SE7EN PAY,operações com volume que querem oferecer pagamentos com a própria marca,Consideração,Conheça o white label SE7EN PAY,Alcance,src/PUB-202611-69/assets/PUB-202611-69_p01_v45.jpg,Pronto,-,Mila (gi-marketing),LOTE_2026_11
PUB-S20261113-1,13/11/2026,Sexta-feira,08:30,America/Sao_Paulo,Story,Story 9:16,Estabelecimento comercial,Story: Checklist margem Pix POS,Fale com um licenciado SE7EN PAY,"lojistas, prestadores de serviço, comércio de bairro e redes",Consideração,Fale com um licenciado SE7EN PAY,Alcance,src/PUB-S20261113-1/assets/PUB-S20261113-1_p01_story.jpg,Pronto,-,Mila (gi-marketing),LOTE_2026_11
PUB-S20261113-2,13/11/2026,Sexta-feira,13:30,America/Sao_Paulo,Story,Story 9:16,Marca e confiança,Story: Bastidores e segurança SE7EN PAY,Acompanhe a SE7EN PAY,"mercado, clientes, licenciados e parceiros",Descoberta,Acompanhe a SE7EN PAY,Alcance,src/PUB-S20261113-2/assets/PUB-S20261113-2_p01_story.mp4,Pronto,-,Mila (gi-marketing),LOTE_2026_11
PUB-S20261113-3,13/11/2026,Sexta-feira,20:00,America/Sao_Paulo,Story,Story 9:16,Equipamentos,Story: P2 Android 11: Ponto de Captura,Fale com um licenciado SE7EN PAY,lojistas e licenciados que escolhem o ponto de captura certo para cada negócio,Consideração,Fale com um licenciado SE7EN PAY,Alcance,src/PUB-S20261113-3/assets/PUB-S20261113-3_p01_story.jpg,Pronto,-,Mila (gi-marketing),LOTE_2026_11
PUB-S20261114-1,14/11/2026,Sábado,08:30,America/Sao_Paulo,Story,Story 9:16,Equipamentos,Story: PAX S920 no balcão,Fale com um licenciado SE7EN PAY,lojistas e licenciados que escolhem o ponto de captura certo para cada negócio,Consideração,Fale com um licenciado SE7EN PAY,Alcance,src/PUB-S20261114-1/assets/PUB-S20261114-1_p01_story.jpg,Pronto,-,Mila (gi-marketing),LOTE_2026_11
PUB-S20261114-2,14/11/2026,Sábado,13:30,America/Sao_Paulo,Story,Story 9:16,Licenciamento,Story: Mito e verdade sobre suporte,Seja licenciado SE7EN PAY,quem quer empreender em meios de pagamento e construir uma carteira própria,Consideração,Seja licenciado SE7EN PAY,Alcance,src/PUB-S20261114-2/assets/PUB-S20261114-2_p01_story.mp4,Pronto,-,Mila (gi-marketing),LOTE_2026_11
PUB-S20261114-3,14/11/2026,Sábado,20:00,America/Sao_Paulo,Story,Story 9:16,Marca e confiança,Story: Bastidores e confiança SE7EN PAY,Acompanhe a SE7EN PAY,"mercado, clientes, licenciados e parceiros",Descoberta,Acompanhe a SE7EN PAY,Alcance,src/PUB-S20261114-3/assets/PUB-S20261114-3_p01_story.jpg,Pronto,-,Mila (gi-marketing),LOTE_2026_11
PUB-S20261115-1,15/11/2026,Domingo,08:30,America/Sao_Paulo,Story,Story 9:16,Estabelecimento comercial,Story: TEF integrado ao PDV e ERP,Comente MARGEM para receber a conta de quanto sobra de cada venda no direct.,"lojistas, prestadores de serviço, comércio de bairro e redes",Consideração,Comente MARGEM para receber a conta de quanto sobra de cada venda no direct.,Alcance,src/PUB-S20261115-1/assets/PUB-S20261115-1_p01_story.jpg,Pronto,-,Mila (gi-marketing),LOTE_2026_11
PUB-S20261115-2,15/11/2026,Domingo,13:30,America/Sao_Paulo,Story,Story 9:16,Equipamentos,Story: Venda em movimento com Android,Fale com um licenciado SE7EN PAY,lojistas e licenciados que escolhem o ponto de captura certo para cada negócio,Consideração,Fale com um licenciado SE7EN PAY,Alcance,src/PUB-S20261115-2/assets/PUB-S20261115-2_p01_story.mp4,Pronto,-,Mila (gi-marketing),LOTE_2026_11
PUB-S20261115-3,15/11/2026,Domingo,20:00,America/Sao_Paulo,Story,Story 9:16,Licenciamento,Story: Erro comum carteira pagamentos,Seja licenciado SE7EN PAY,quem quer empreender em meios de pagamento e construir uma carteira própria,Consideração,Seja licenciado SE7EN PAY,Alcance,src/PUB-S20261115-3/assets/PUB-S20261115-3_p01_story.jpg,Pronto,-,Mila (gi-marketing),LOTE_2026_11
PUB-S20261122-1,22/11/2026,Domingo,08:30,America/Sao_Paulo,Story,Story 9:16,Marca e confiança,Story: Bastidores da operação SE7EN PAY,Acompanhe a SE7EN PAY,"mercado, clientes, licenciados e parceiros",Descoberta,Acompanhe a SE7EN PAY,Alcance,src/PUB-S20261122-1/assets/PUB-S20261122-1_p01_story.jpg,Pronto,-,Mila (gi-marketing),LOTE_2026_11
PUB-S20261122-2,22/11/2026,Domingo,13:30,America/Sao_Paulo,Story,Story 9:16,Equipamentos,Story: PIN Pad Gertec PPC930 com TEF,Fale com um licenciado SE7EN PAY,lojistas e licenciados que escolhem o ponto de captura certo para cada negócio,Consideração,Fale com um licenciado SE7EN PAY,Alcance,src/PUB-S20261122-2/assets/PUB-S20261122-2_p01_story.mp4,Pronto,-,Mila (gi-marketing),LOTE_2026_11
PUB-S20261122-3,22/11/2026,Domingo,20:00,America/Sao_Paulo,Story,Story 9:16,White label,Story: White label explicação fluxo,Conheça o white label SE7EN PAY,operações com volume que querem oferecer pagamentos com a própria marca,Consideração,Conheça o white label SE7EN PAY,Alcance,src/PUB-S20261122-3/assets/PUB-S20261122-3_p01_story.jpg,Pronto,-,Mila (gi-marketing),LOTE_2026_11
PUB-S20261123-1,23/11/2026,Segunda-feira,08:30,America/Sao_Paulo,Story,Story 9:16,Licenciamento,Story: Suporte operacional do licenciado,Comente CARREIRA para receber o resumo de como funciona a carreira de licenciado no direct.,quem quer empreender em meios de pagamento e construir uma carteira própria,Consideração,Comente CARREIRA para receber o resumo de como funciona a carreira de licenciado no direct.,Alcance,src/PUB-S20261123-1/assets/PUB-S20261123-1_p01_story.jpg,Pronto,-,Mila (gi-marketing),LOTE_2026_11
PUB-S20261123-2,23/11/2026,Segunda-feira,13:30,America/Sao_Paulo,Story,Story 9:16,Estabelecimento comercial,Story: Clareza na margem de lucro,Fale com um licenciado SE7EN PAY,"lojistas, prestadores de serviço, comércio de bairro e redes",Consideração,Fale com um licenciado SE7EN PAY,Alcance,src/PUB-S20261123-2/assets/PUB-S20261123-2_p01_story.mp4,Pronto,-,Mila (gi-marketing),LOTE_2026_11
PUB-S20261123-3,23/11/2026,Segunda-feira,20:00,America/Sao_Paulo,Story,Story 9:16,White label,Story: White label antes e depois,Conheça o white label SE7EN PAY,operações com volume que querem oferecer pagamentos com a própria marca,Consideração,Conheça o white label SE7EN PAY,Alcance,src/PUB-S20261123-3/assets/PUB-S20261123-3_p01_story.jpg,Pronto,-,Mila (gi-marketing),LOTE_2026_11
PUB-202611-46,16/11/2026,Segunda-feira,09:00,America/Sao_Paulo,Feed,Estático 4:5,Marca e confiança,Bastidores da operação e equipe,Acompanhe a SE7EN PAY,"mercado, clientes, licenciados e parceiros",Descoberta,Acompanhe a SE7EN PAY,Alcance,src/PUB-202611-46/assets/PUB-202611-46_p01_v45.jpg,Pronto,-,Mila (gi-marketing),LOTE_2026_11
PUB-202611-47,16/11/2026,Segunda-feira,12:30,America/Sao_Paulo,Reels,Reels 9:16,Estabelecimento comercial,Margem clara no checkout,Fale com um licenciado SE7EN PAY,"lojistas, prestadores de serviço, comércio de bairro e redes",Consideração,Fale com um licenciado SE7EN PAY,Alcance,src/PUB-202611-47/assets/PUB-202611-47_p01_reel.mp4,Pronto,-,Mila (gi-marketing),LOTE_2026_11
PUB-202611-48,16/11/2026,Segunda-feira,18:30,America/Sao_Paulo,Feed,Carrossel 4:5,Licenciamento,Bastidores do licenciamento e receita,Seja licenciado SE7EN PAY,quem quer empreender em meios de pagamento e construir uma carteira própria,Consideração,Seja licenciado SE7EN PAY,Saves,src/PUB-202611-48/assets/PUB-202611-48_p01_v45.jpg,Pronto,-,Mila (gi-marketing),LOTE_2026_11
PUB-202611-49,17/11/2026,Terça-feira,09:00,America/Sao_Paulo,Reels,Reels 9:16,White label,White label com sua marca,Conheça o white label SE7EN PAY,operações com volume que querem oferecer pagamentos com a própria marca,Consideração,Conheça o white label SE7EN PAY,Alcance,src/PUB-202611-49/assets/PUB-202611-49_p01_reel.mp4,Pronto,-,Mila (gi-marketing),LOTE_2026_11
PUB-202611-50,17/11/2026,Terça-feira,12:30,America/Sao_Paulo,Feed,Carrossel 4:5,Equipamentos,Conexão PAX S920 Wi-Fi ou Chip,Fale com um licenciado SE7EN PAY,lojistas e licenciados que escolhem o ponto de captura certo para cada negócio,Consideração,Fale com um licenciado SE7EN PAY,Saves,src/PUB-202611-50/assets/PUB-202611-50_p01_v45.jpg,Pronto,-,Mila (gi-marketing),LOTE_2026_11
PUB-202611-51,17/11/2026,Terça-feira,18:30,America/Sao_Paulo,Feed,Estático 4:5,Marca e confiança,Encontro regional e equipe,Acompanhe a SE7EN PAY,"mercado, clientes, licenciados e parceiros",Descoberta,Acompanhe a SE7EN PAY,Alcance,src/PUB-202611-51/assets/PUB-202611-51_p01_v45.jpg,Pronto,-,Mila (gi-marketing),LOTE_2026_11
PUB-202611-52,18/11/2026,Quarta-feira,09:00,America/Sao_Paulo,Feed,Carrossel 4:5,Estabelecimento comercial,Margem oculta no PIX,Fale com um licenciado SE7EN PAY,"lojistas, prestadores de serviço, comércio de bairro e redes",Consideração,Fale com um licenciado SE7EN PAY,Saves,src/PUB-202611-52/assets/PUB-202611-52_p01_v45.jpg,Pronto,-,Mila (gi-marketing),LOTE_2026_11
PUB-202611-53,18/11/2026,Quarta-feira,12:30,America/Sao_Paulo,Feed,Estático 4:5,Licenciamento,Plano de Carreira SE7EN PAY,Seja licenciado SE7EN PAY,quem quer empreender em meios de pagamento e construir uma carteira própria,Consideração,Seja licenciado SE7EN PAY,Alcance,src/PUB-202611-53/assets/PUB-202611-53_p01_v45.jpg,Pronto,-,Mila (gi-marketing),LOTE_2026_11
PUB-202611-54,18/11/2026,Quarta-feira,18:30,America/Sao_Paulo,Reels,Reels 9:16,White label,White label para operações de volume,Conheça o white label SE7EN PAY,operações com volume que querem oferecer pagamentos com a própria marca,Consideração,Conheça o white label SE7EN PAY,Alcance,src/PUB-202611-54/assets/PUB-202611-54_p01_reel.mp4,Pronto,-,Mila (gi-marketing),LOTE_2026_11
PUB-202611-58,20/11/2026,Sexta-feira,09:00,America/Sao_Paulo,Reels,Reels 9:16,Licenciamento,App de gestão do licenciado,Seja licenciado SE7EN PAY,quem quer empreender em meios de pagamento e construir uma carteira própria,Consideração,Seja licenciado SE7EN PAY,Alcance,src/PUB-202611-58/assets/PUB-202611-58_p01_reel.mp4,Pronto,-,Mila (gi-marketing),LOTE_2026_11
PUB-202611-59,20/11/2026,Sexta-feira,12:30,America/Sao_Paulo,Feed,Carrossel 4:5,White label,White label para operações,Conheça o white label SE7EN PAY,operações com volume que querem oferecer pagamentos com a própria marca,Consideração,Conheça o white label SE7EN PAY,Saves,src/PUB-202611-59/assets/PUB-202611-59_p01_v45.jpg,Pronto,-,Mila (gi-marketing),LOTE_2026_11
PUB-202611-60,20/11/2026,Sexta-feira,18:30,America/Sao_Paulo,Feed,Estático 4:5,Equipamentos,P2 Android 11: Chip de dados,Fale com um licenciado SE7EN PAY,lojistas e licenciados que escolhem o ponto de captura certo para cada negócio,Consideração,Fale com um licenciado SE7EN PAY,Alcance,src/PUB-202611-60/assets/PUB-202611-60_p01_v45.jpg,Pronto,-,Mila (gi-marketing),LOTE_2026_11
PUB-202611-61,21/11/2026,Sábado,09:00,America/Sao_Paulo,Feed,Carrossel 4:5,Marca e confiança,Bastidores e formação de equipe,Acompanhe a SE7EN PAY,"mercado, clientes, licenciados e parceiros",Descoberta,Acompanhe a SE7EN PAY,Saves,src/PUB-202611-61/assets/PUB-202611-61_p01_v45.jpg,Pronto,-,Mila (gi-marketing),LOTE_2026_11
PUB-202611-62,21/11/2026,Sábado,12:30,America/Sao_Paulo,Feed,Estático 4:5,Estabelecimento comercial,Checklist Conta Digital,Fale com um licenciado SE7EN PAY,"lojistas, prestadores de serviço, comércio de bairro e redes",Consideração,Fale com um licenciado SE7EN PAY,Alcance,src/PUB-202611-62/assets/PUB-202611-62_p01_v45.jpg,Pronto,-,Mila (gi-marketing),LOTE_2026_11
PUB-202611-63,21/11/2026,Sábado,18:30,America/Sao_Paulo,Reels,Reels 9:16,Licenciamento,Universidade Confrapag e sua margem,Seja licenciado SE7EN PAY,quem quer empreender em meios de pagamento e construir uma carteira própria,Consideração,Seja licenciado SE7EN PAY,Alcance,src/PUB-202611-63/assets/PUB-202611-63_p01_reel.mp4,Pronto,-,Mila (gi-marketing),LOTE_2026_11
PUB-202611-70,24/11/2026,Terça-feira,09:00,America/Sao_Paulo,Feed,Carrossel 4:5,Equipamentos,Smart POS Android PAX A910 e A920,Fale com um licenciado SE7EN PAY,lojistas e licenciados que escolhem o ponto de captura certo para cada negócio,Consideração,Fale com um licenciado SE7EN PAY,Saves,src/PUB-202611-70/assets/PUB-202611-70_p01_v45.jpg,Pronto,-,Mila (gi-marketing),LOTE_2026_11
PUB-202611-71,24/11/2026,Terça-feira,12:30,America/Sao_Paulo,Feed,Estático 4:5,Marca e confiança,Bastidores e equipe SE7EN PAY,Acompanhe a SE7EN PAY,"mercado, clientes, licenciados e parceiros",Descoberta,Acompanhe a SE7EN PAY,Alcance,src/PUB-202611-71/assets/PUB-202611-71_p01_v45.jpg,Pronto,-,Mila (gi-marketing),LOTE_2026_11
PUB-202611-72,24/11/2026,Terça-feira,18:30,America/Sao_Paulo,Reels,Reels 9:16,Estabelecimento comercial,Mito e verdade da taxa única,Fale com um licenciado SE7EN PAY,"lojistas, prestadores de serviço, comércio de bairro e redes",Consideração,Fale com um licenciado SE7EN PAY,Alcance,src/PUB-202611-72/assets/PUB-202611-72_p01_reel.mp4,Pronto,-,Mila (gi-marketing),LOTE_2026_11
PUB-202611-73,25/11/2026,Quarta-feira,09:00,America/Sao_Paulo,Feed,Estático 4:5,Estabelecimento comercial,Black Friday caixa claro,Fale com um licenciado SE7EN PAY,"lojistas, prestadores de serviço, comércio de bairro e redes",Consideração,Fale com um licenciado SE7EN PAY,Alcance,src/PUB-202611-73/assets/PUB-202611-73_p01_v45.jpg,Pronto,-,Mila (gi-marketing),LOTE_2026_11
PUB-202611-74,25/11/2026,Quarta-feira,12:30,America/Sao_Paulo,Reels,Reels 9:16,White label,Aplicativos com sua marca,Conheça o white label SE7EN PAY,operações com volume que querem oferecer pagamentos com a própria marca,Consideração,Conheça o white label SE7EN PAY,Alcance,src/PUB-202611-74/assets/PUB-202611-74_p01_reel.mp4,Pronto,-,Mila (gi-marketing),LOTE_2026_11
PUB-202611-75,25/11/2026,Quarta-feira,18:30,America/Sao_Paulo,Feed,Carrossel 4:5,Equipamentos,TEF com PIN pad Gertec PPC930,Fale com um licenciado SE7EN PAY,lojistas e licenciados que escolhem o ponto de captura certo para cada negócio,Consideração,Fale com um licenciado SE7EN PAY,Saves,src/PUB-202611-75/assets/PUB-202611-75_p01_v45.jpg,Pronto,-,Mila (gi-marketing),LOTE_2026_11
PUB-202611-76,26/11/2026,Quinta-feira,09:00,America/Sao_Paulo,Reels,Reels 9:16,Marca e confiança,Segurança e confiança nos bastidores,Acompanhe a SE7EN PAY,"mercado, clientes, licenciados e parceiros",Descoberta,Acompanhe a SE7EN PAY,Alcance,src/PUB-202611-76/assets/PUB-202611-76_p01_reel.mp4,Pronto,-,Mila (gi-marketing),LOTE_2026_11
PUB-202611-77,26/11/2026,Quinta-feira,12:30,America/Sao_Paulo,Feed,Carrossel 4:5,Estabelecimento comercial,Comparativo Ponto de Captura por Segmento,Fale com um licenciado SE7EN PAY,"lojistas, prestadores de serviço, comércio de bairro e redes",Consideração,Fale com um licenciado SE7EN PAY,Saves,src/PUB-202611-77/assets/PUB-202611-77_p01_v45.jpg,Pronto,-,Mila (gi-marketing),LOTE_2026_11
PUB-202611-78,26/11/2026,Quinta-feira,18:30,America/Sao_Paulo,Feed,Estático 4:5,Licenciamento,Checklist carteira licenciado,Seja licenciado SE7EN PAY,quem quer empreender em meios de pagamento e construir uma carteira própria,Consideração,Seja licenciado SE7EN PAY,Alcance,src/PUB-202611-78/assets/PUB-202611-78_p01_v45.jpg,Pronto,-,Mila (gi-marketing),LOTE_2026_11
PUB-202611-82,28/11/2026,Sábado,09:00,America/Sao_Paulo,Feed,Estático 4:5,Estabelecimento comercial,TEF integrado e margem clara,Fale com um licenciado SE7EN PAY,"lojistas, prestadores de serviço, comércio de bairro e redes",Consideração,Fale com um licenciado SE7EN PAY,Alcance,src/PUB-202611-82/assets/PUB-202611-82_p01_v45.jpg,Pronto,-,Mila (gi-marketing),LOTE_2026_11
PUB-202611-83,28/11/2026,Sábado,12:30,America/Sao_Paulo,Reels,Reels 9:16,Licenciamento,Erro comum no licenciamento,Seja licenciado SE7EN PAY,quem quer empreender em meios de pagamento e construir uma carteira própria,Consideração,Seja licenciado SE7EN PAY,Alcance,src/PUB-202611-83/assets/PUB-202611-83_p01_reel.mp4,Pronto,-,Mila (gi-marketing),LOTE_2026_11
PUB-202611-84,28/11/2026,Sábado,18:30,America/Sao_Paulo,Feed,Carrossel 4:5,White label,Problema pós-venda white label,Conheça o white label SE7EN PAY,operações com volume que querem oferecer pagamentos com a própria marca,Consideração,Conheça o white label SE7EN PAY,Saves,src/PUB-202611-84/assets/PUB-202611-84_p01_v45.jpg,Pronto,-,Mila (gi-marketing),LOTE_2026_11
PUB-S20261116-1,16/11/2026,Segunda-feira,08:30,America/Sao_Paulo,Story,Story 9:16,Licenciamento,Story: Bastidores do licenciamento e receita,Seja licenciado SE7EN PAY,quem quer empreender em meios de pagamento e construir uma carteira própria,Consideração,Seja licenciado SE7EN PAY,Alcance,src/PUB-S20261116-1/assets/PUB-S20261116-1_p01_story.jpg,Pronto,-,Mila (gi-marketing),LOTE_2026_11
PUB-S20261116-2,16/11/2026,Segunda-feira,13:30,America/Sao_Paulo,Story,Story 9:16,Estabelecimento comercial,Story: Margem clara no checkout,Fale com um licenciado SE7EN PAY,"lojistas, prestadores de serviço, comércio de bairro e redes",Consideração,Fale com um licenciado SE7EN PAY,Alcance,src/PUB-S20261116-2/assets/PUB-S20261116-2_p01_story.mp4,Pronto,-,Mila (gi-marketing),LOTE_2026_11
PUB-S20261116-3,16/11/2026,Segunda-feira,20:00,America/Sao_Paulo,Story,Story 9:16,Marca e confiança,Story: Bastidores da operação e equipe,Acompanhe a SE7EN PAY,"mercado, clientes, licenciados e parceiros",Descoberta,Acompanhe a SE7EN PAY,Alcance,src/PUB-S20261116-3/assets/PUB-S20261116-3_p01_story.jpg,Pronto,-,Mila (gi-marketing),LOTE_2026_11
PUB-S20261117-1,17/11/2026,Terça-feira,08:30,America/Sao_Paulo,Story,Story 9:16,Equipamentos,Story: Conexão PAX S920 Wi-Fi ou Chip,Fale com um licenciado SE7EN PAY,lojistas e licenciados que escolhem o ponto de captura certo para cada negócio,Consideração,Fale com um licenciado SE7EN PAY,Alcance,src/PUB-S20261117-1/assets/PUB-S20261117-1_p01_story.jpg,Pronto,-,Mila (gi-marketing),LOTE_2026_11
PUB-S20261117-2,17/11/2026,Terça-feira,13:30,America/Sao_Paulo,Story,Story 9:16,White label,Story: White label com sua marca,Conheça o white label SE7EN PAY,operações com volume que querem oferecer pagamentos com a própria marca,Consideração,Conheça o white label SE7EN PAY,Alcance,src/PUB-S20261117-2/assets/PUB-S20261117-2_p01_story.mp4,Pronto,-,Mila (gi-marketing),LOTE_2026_11
PUB-S20261117-3,17/11/2026,Terça-feira,20:00,America/Sao_Paulo,Story,Story 9:16,Marca e confiança,Story: Encontro regional e equipe,Acompanhe a SE7EN PAY,"mercado, clientes, licenciados e parceiros",Descoberta,Acompanhe a SE7EN PAY,Alcance,src/PUB-S20261117-3/assets/PUB-S20261117-3_p01_story.jpg,Pronto,-,Mila (gi-marketing),LOTE_2026_11
PUB-S20261118-1,18/11/2026,Quarta-feira,08:30,America/Sao_Paulo,Story,Story 9:16,Estabelecimento comercial,Story: Margem oculta no PIX,Fale com um licenciado SE7EN PAY,"lojistas, prestadores de serviço, comércio de bairro e redes",Consideração,Fale com um licenciado SE7EN PAY,Alcance,src/PUB-S20261118-1/assets/PUB-S20261118-1_p01_story.jpg,Pronto,-,Mila (gi-marketing),LOTE_2026_11
PUB-S20261118-2,18/11/2026,Quarta-feira,13:30,America/Sao_Paulo,Story,Story 9:16,White label,Story: White label para operações de volume,Conheça o white label SE7EN PAY,operações com volume que querem oferecer pagamentos com a própria marca,Consideração,Conheça o white label SE7EN PAY,Alcance,src/PUB-S20261118-2/assets/PUB-S20261118-2_p01_story.mp4,Pronto,-,Mila (gi-marketing),LOTE_2026_11
PUB-S20261118-3,18/11/2026,Quarta-feira,20:00,America/Sao_Paulo,Story,Story 9:16,Licenciamento,Story: Plano de Carreira SE7EN PAY,Seja licenciado SE7EN PAY,quem quer empreender em meios de pagamento e construir uma carteira própria,Consideração,Seja licenciado SE7EN PAY,Alcance,src/PUB-S20261118-3/assets/PUB-S20261118-3_p01_story.jpg,Pronto,-,Mila (gi-marketing),LOTE_2026_11
PUB-S20261120-1,20/11/2026,Sexta-feira,08:30,America/Sao_Paulo,Story,Story 9:16,White label,Story: White label para operações,Conheça o white label SE7EN PAY,operações com volume que querem oferecer pagamentos com a própria marca,Consideração,Conheça o white label SE7EN PAY,Alcance,src/PUB-S20261120-1/assets/PUB-S20261120-1_p01_story.jpg,Pronto,-,Mila (gi-marketing),LOTE_2026_11
PUB-S20261120-2,20/11/2026,Sexta-feira,13:30,America/Sao_Paulo,Story,Story 9:16,Licenciamento,Story: App de gestão do licenciado,Seja licenciado SE7EN PAY,quem quer empreender em meios de pagamento e construir uma carteira própria,Consideração,Seja licenciado SE7EN PAY,Alcance,src/PUB-S20261120-2/assets/PUB-S20261120-2_p01_story.mp4,Pronto,-,Mila (gi-marketing),LOTE_2026_11
PUB-S20261120-3,20/11/2026,Sexta-feira,20:00,America/Sao_Paulo,Story,Story 9:16,Equipamentos,Story: P2 Android 11: Chip de dados,Fale com um licenciado SE7EN PAY,lojistas e licenciados que escolhem o ponto de captura certo para cada negócio,Consideração,Fale com um licenciado SE7EN PAY,Alcance,src/PUB-S20261120-3/assets/PUB-S20261120-3_p01_story.jpg,Pronto,-,Mila (gi-marketing),LOTE_2026_11
PUB-S20261121-1,21/11/2026,Sábado,08:30,America/Sao_Paulo,Story,Story 9:16,Marca e confiança,Story: Bastidores e formação de equipe,Acompanhe a SE7EN PAY,"mercado, clientes, licenciados e parceiros",Descoberta,Acompanhe a SE7EN PAY,Alcance,src/PUB-S20261121-1/assets/PUB-S20261121-1_p01_story.jpg,Pronto,-,Mila (gi-marketing),LOTE_2026_11
PUB-S20261121-2,21/11/2026,Sábado,13:30,America/Sao_Paulo,Story,Story 9:16,Licenciamento,Story: Universidade Confrapag e sua margem,Seja licenciado SE7EN PAY,quem quer empreender em meios de pagamento e construir uma carteira própria,Consideração,Seja licenciado SE7EN PAY,Alcance,src/PUB-S20261121-2/assets/PUB-S20261121-2_p01_story.mp4,Pronto,-,Mila (gi-marketing),LOTE_2026_11
PUB-S20261121-3,21/11/2026,Sábado,20:00,America/Sao_Paulo,Story,Story 9:16,Estabelecimento comercial,Story: Checklist Conta Digital,Fale com um licenciado SE7EN PAY,"lojistas, prestadores de serviço, comércio de bairro e redes",Consideração,Fale com um licenciado SE7EN PAY,Alcance,src/PUB-S20261121-3/assets/PUB-S20261121-3_p01_story.jpg,Pronto,-,Mila (gi-marketing),LOTE_2026_11
PUB-S20261124-1,24/11/2026,Terça-feira,08:30,America/Sao_Paulo,Story,Story 9:16,Equipamentos,Story: Smart POS Android PAX A910 e A920,Fale com um licenciado SE7EN PAY,lojistas e licenciados que escolhem o ponto de captura certo para cada negócio,Consideração,Fale com um licenciado SE7EN PAY,Alcance,src/PUB-S20261124-1/assets/PUB-S20261124-1_p01_story.jpg,Pronto,-,Mila (gi-marketing),LOTE_2026_11
PUB-S20261124-2,24/11/2026,Terça-feira,13:30,America/Sao_Paulo,Story,Story 9:16,Estabelecimento comercial,Story: Mito e verdade da taxa única,Fale com um licenciado SE7EN PAY,"lojistas, prestadores de serviço, comércio de bairro e redes",Consideração,Fale com um licenciado SE7EN PAY,Alcance,src/PUB-S20261124-2/assets/PUB-S20261124-2_p01_story.mp4,Pronto,-,Mila (gi-marketing),LOTE_2026_11
PUB-S20261124-3,24/11/2026,Terça-feira,20:00,America/Sao_Paulo,Story,Story 9:16,Marca e confiança,Story: Bastidores e equipe SE7EN PAY,Acompanhe a SE7EN PAY,"mercado, clientes, licenciados e parceiros",Descoberta,Acompanhe a SE7EN PAY,Alcance,src/PUB-S20261124-3/assets/PUB-S20261124-3_p01_story.jpg,Pronto,-,Mila (gi-marketing),LOTE_2026_11
PUB-S20261125-1,25/11/2026,Quarta-feira,08:30,America/Sao_Paulo,Story,Story 9:16,Equipamentos,Story: TEF com PIN pad Gertec PPC930,Fale com um licenciado SE7EN PAY,lojistas e licenciados que escolhem o ponto de captura certo para cada negócio,Consideração,Fale com um licenciado SE7EN PAY,Alcance,src/PUB-S20261125-1/assets/PUB-S20261125-1_p01_story.jpg,Pronto,-,Mila (gi-marketing),LOTE_2026_11
PUB-S20261125-2,25/11/2026,Quarta-feira,13:30,America/Sao_Paulo,Story,Story 9:16,White label,Story: Aplicativos com sua marca,Conheça o white label SE7EN PAY,operações com volume que querem oferecer pagamentos com a própria marca,Consideração,Conheça o white label SE7EN PAY,Alcance,src/PUB-S20261125-2/assets/PUB-S20261125-2_p01_story.mp4,Pronto,-,Mila (gi-marketing),LOTE_2026_11
PUB-S20261125-3,25/11/2026,Quarta-feira,20:00,America/Sao_Paulo,Story,Story 9:16,Estabelecimento comercial,Story: Black Friday caixa claro,Fale com um licenciado SE7EN PAY,"lojistas, prestadores de serviço, comércio de bairro e redes",Consideração,Fale com um licenciado SE7EN PAY,Alcance,src/PUB-S20261125-3/assets/PUB-S20261125-3_p01_story.jpg,Pronto,-,Mila (gi-marketing),LOTE_2026_11
PUB-S20261126-1,26/11/2026,Quinta-feira,08:30,America/Sao_Paulo,Story,Story 9:16,Estabelecimento comercial,Story: Comparativo Ponto de Captura por Segmento,Fale com um licenciado SE7EN PAY,"lojistas, prestadores de serviço, comércio de bairro e redes",Consideração,Fale com um licenciado SE7EN PAY,Alcance,src/PUB-S20261126-1/assets/PUB-S20261126-1_p01_story.jpg,Pronto,-,Mila (gi-marketing),LOTE_2026_11
PUB-S20261126-2,26/11/2026,Quinta-feira,13:30,America/Sao_Paulo,Story,Story 9:16,Marca e confiança,Story: Segurança e confiança nos bastidores,Acompanhe a SE7EN PAY,"mercado, clientes, licenciados e parceiros",Descoberta,Acompanhe a SE7EN PAY,Alcance,src/PUB-S20261126-2/assets/PUB-S20261126-2_p01_story.mp4,Pronto,-,Mila (gi-marketing),LOTE_2026_11
PUB-S20261126-3,26/11/2026,Quinta-feira,20:00,America/Sao_Paulo,Story,Story 9:16,Licenciamento,Story: Checklist carteira licenciado,Seja licenciado SE7EN PAY,quem quer empreender em meios de pagamento e construir uma carteira própria,Consideração,Seja licenciado SE7EN PAY,Alcance,src/PUB-S20261126-3/assets/PUB-S20261126-3_p01_story.jpg,Pronto,-,Mila (gi-marketing),LOTE_2026_11
PUB-S20261128-1,28/11/2026,Sábado,08:30,America/Sao_Paulo,Story,Story 9:16,White label,Story: Problema pós-venda white label,Conheça o white label SE7EN PAY,operações com volume que querem oferecer pagamentos com a própria marca,Consideração,Conheça o white label SE7EN PAY,Alcance,src/PUB-S20261128-1/assets/PUB-S20261128-1_p01_story.jpg,Pronto,-,Mila (gi-marketing),LOTE_2026_11
PUB-S20261128-2,28/11/2026,Sábado,13:30,America/Sao_Paulo,Story,Story 9:16,Licenciamento,Story: Erro comum no licenciamento,Seja licenciado SE7EN PAY,quem quer empreender em meios de pagamento e construir uma carteira própria,Consideração,Seja licenciado SE7EN PAY,Alcance,src/PUB-S20261128-2/assets/PUB-S20261128-2_p01_story.mp4,Pronto,-,Mila (gi-marketing),LOTE_2026_11
PUB-S20261128-3,28/11/2026,Sábado,20:00,America/Sao_Paulo,Story,Story 9:16,Estabelecimento comercial,Story: TEF integrado e margem clara,Fale com um licenciado SE7EN PAY,"lojistas, prestadores de serviço, comércio de bairro e redes",Consideração,Fale com um licenciado SE7EN PAY,Alcance,src/PUB-S20261128-3/assets/PUB-S20261128-3_p01_story.jpg,Pronto,-,Mila (gi-marketing),LOTE_2026_11
PUB-202611-85,29/11/2026,Domingo,09:00,America/Sao_Paulo,Reels,Reels 9:16,Equipamentos,P2 Android 11: Ponto de captura,Fale com um licenciado SE7EN PAY,lojistas e licenciados que escolhem o ponto de captura certo para cada negócio,Consideração,Fale com um licenciado SE7EN PAY,Alcance,src/PUB-202611-85/assets/PUB-202611-85_p01_reel.mp4,Pronto,-,Mila (gi-marketing),LOTE_2026_11
PUB-202611-86,29/11/2026,Domingo,12:30,America/Sao_Paulo,Feed,Carrossel 4:5,Marca e confiança,Estrutura de suporte,Acompanhe a SE7EN PAY,"mercado, clientes, licenciados e parceiros",Descoberta,Acompanhe a SE7EN PAY,Saves,src/PUB-202611-86/assets/PUB-202611-86_p01_v45.jpg,Pronto,-,Mila (gi-marketing),LOTE_2026_11
PUB-202611-87,29/11/2026,Domingo,18:30,America/Sao_Paulo,Feed,Estático 4:5,Estabelecimento comercial,Bastidores processamento checkout,Fale com um licenciado SE7EN PAY,"lojistas, prestadores de serviço, comércio de bairro e redes",Consideração,Fale com um licenciado SE7EN PAY,Alcance,src/PUB-202611-87/assets/PUB-202611-87_p01_v45.jpg,Pronto,-,Mila (gi-marketing),LOTE_2026_11
PUB-202611-88,30/11/2026,Segunda-feira,09:00,America/Sao_Paulo,Feed,Carrossel 4:5,Licenciamento,Plano de carreira licenciado,Comente CARREIRA para receber o resumo de como funciona a carreira de licenciado no direct.,quem quer empreender em meios de pagamento e construir uma carteira própria,Consideração,Comente CARREIRA para receber o resumo de como funciona a carreira de licenciado no direct.,Saves,src/PUB-202611-88/assets/PUB-202611-88_p01_v45.jpg,Pronto,-,Mila (gi-marketing),LOTE_2026_11
PUB-202611-89,30/11/2026,Segunda-feira,12:30,America/Sao_Paulo,Feed,Estático 4:5,White label,White label perguntas e respostas,Conheça o white label SE7EN PAY,operações com volume que querem oferecer pagamentos com a própria marca,Consideração,Conheça o white label SE7EN PAY,Alcance,src/PUB-202611-89/assets/PUB-202611-89_p01_v45.jpg,Pronto,-,Mila (gi-marketing),LOTE_2026_11
PUB-202611-90,30/11/2026,Segunda-feira,18:30,America/Sao_Paulo,Reels,Reels 9:16,Equipamentos,Gertec PPC930 TEF no balcão,Fale com um licenciado SE7EN PAY,lojistas e licenciados que escolhem o ponto de captura certo para cada negócio,Consideração,Fale com um licenciado SE7EN PAY,Alcance,src/PUB-202611-90/assets/PUB-202611-90_p01_reel.mp4,Pronto,-,Mila (gi-marketing),LOTE_2026_11
PUB-S20261129-1,29/11/2026,Domingo,08:30,America/Sao_Paulo,Story,Story 9:16,Marca e confiança,Story: Estrutura de suporte,Acompanhe a SE7EN PAY,"mercado, clientes, licenciados e parceiros",Descoberta,Acompanhe a SE7EN PAY,Alcance,src/PUB-S20261129-1/assets/PUB-S20261129-1_p01_story.jpg,Pronto,-,Mila (gi-marketing),LOTE_2026_11
PUB-S20261129-2,29/11/2026,Domingo,13:30,America/Sao_Paulo,Story,Story 9:16,Equipamentos,Story: P2 Android 11: Ponto de captura,Fale com um licenciado SE7EN PAY,lojistas e licenciados que escolhem o ponto de captura certo para cada negócio,Consideração,Fale com um licenciado SE7EN PAY,Alcance,src/PUB-S20261129-2/assets/PUB-S20261129-2_p01_story.mp4,Pronto,-,Mila (gi-marketing),LOTE_2026_11
PUB-S20261129-3,29/11/2026,Domingo,20:00,America/Sao_Paulo,Story,Story 9:16,Estabelecimento comercial,Story: Bastidores processamento checkout,Fale com um licenciado SE7EN PAY,"lojistas, prestadores de serviço, comércio de bairro e redes",Consideração,Fale com um licenciado SE7EN PAY,Alcance,src/PUB-S20261129-3/assets/PUB-S20261129-3_p01_story.jpg,Pronto,-,Mila (gi-marketing),LOTE_2026_11
PUB-S20261130-1,30/11/2026,Segunda-feira,08:30,America/Sao_Paulo,Story,Story 9:16,Licenciamento,Story: Plano de carreira licenciado,Comente CARREIRA para receber o resumo de como funciona a carreira de licenciado no direct.,quem quer empreender em meios de pagamento e construir uma carteira própria,Consideração,Comente CARREIRA para receber o resumo de como funciona a carreira de licenciado no direct.,Alcance,src/PUB-S20261130-1/assets/PUB-S20261130-1_p01_story.jpg,Pronto,-,Mila (gi-marketing),LOTE_2026_11
PUB-S20261130-2,30/11/2026,Segunda-feira,13:30,America/Sao_Paulo,Story,Story 9:16,Equipamentos,Story: Gertec PPC930 TEF no balcão,Fale com um licenciado SE7EN PAY,lojistas e licenciados que escolhem o ponto de captura certo para cada negócio,Consideração,Fale com um licenciado SE7EN PAY,Alcance,src/PUB-S20261130-2/assets/PUB-S20261130-2_p01_story.mp4,Pronto,-,Mila (gi-marketing),LOTE_2026_11
PUB-S20261130-3,30/11/2026,Segunda-feira,20:00,America/Sao_Paulo,Story,Story 9:16,White label,Story: White label perguntas e respostas,Conheça o white label SE7EN PAY,operações com volume que querem oferecer pagamentos com a própria marca,Consideração,Conheça o white label SE7EN PAY,Alcance,src/PUB-S20261130-3/assets/PUB-S20261130-3_p01_story.jpg,Pronto,-,Mila (gi-marketing),LOTE_2026_11
PUB-202611-79,27/11/2026,Sexta-feira,09:00,America/Sao_Paulo,Feed,Carrossel 4:5,White label,Mito e verdade white label,Conheça o white label SE7EN PAY,operações com volume que querem oferecer pagamentos com a própria marca,Consideração,Conheça o white label SE7EN PAY,Saves,src/PUB-202611-79/assets/PUB-202611-79_p01_v45.jpg,Pronto,-,Mila (gi-marketing),LOTE_2026_11
PUB-202611-80,27/11/2026,Sexta-feira,12:30,America/Sao_Paulo,Feed,Estático 4:5,Equipamentos,Smart POS PAX A910 e A920,Fale com um licenciado SE7EN PAY,lojistas e licenciados que escolhem o ponto de captura certo para cada negócio,Consideração,Fale com um licenciado SE7EN PAY,Alcance,src/PUB-202611-80/assets/PUB-202611-80_p01_v45.jpg,Pronto,-,Mila (gi-marketing),LOTE_2026_11
PUB-202611-81,27/11/2026,Sexta-feira,18:30,America/Sao_Paulo,Reels,Reels 9:16,Marca e confiança,Bastidores da infraestrutura SE7EN PAY,Acompanhe a SE7EN PAY,"mercado, clientes, licenciados e parceiros",Descoberta,Acompanhe a SE7EN PAY,Alcance,src/PUB-202611-81/assets/PUB-202611-81_p01_reel.mp4,Pronto,-,Mila (gi-marketing),LOTE_2026_11
PUB-S20261127-1,27/11/2026,Sexta-feira,08:30,America/Sao_Paulo,Story,Story 9:16,White label,Story: Mito e verdade white label,Conheça o white label SE7EN PAY,operações com volume que querem oferecer pagamentos com a própria marca,Consideração,Conheça o white label SE7EN PAY,Alcance,src/PUB-S20261127-1/assets/PUB-S20261127-1_p01_story.jpg,Pronto,-,Mila (gi-marketing),LOTE_2026_11
PUB-S20261127-2,27/11/2026,Sexta-feira,13:30,America/Sao_Paulo,Story,Story 9:16,Marca e confiança,Story: Bastidores da infraestrutura SE7EN PAY,Acompanhe a SE7EN PAY,"mercado, clientes, licenciados e parceiros",Descoberta,Acompanhe a SE7EN PAY,Alcance,src/PUB-S20261127-2/assets/PUB-S20261127-2_p01_story.mp4,Pronto,-,Mila (gi-marketing),LOTE_2026_11
PUB-S20261127-3,27/11/2026,Sexta-feira,20:00,America/Sao_Paulo,Story,Story 9:16,Equipamentos,Story: Smart POS PAX A910 e A920,Fale com um licenciado SE7EN PAY,lojistas e licenciados que escolhem o ponto de captura certo para cada negócio,Consideração,Fale com um licenciado SE7EN PAY,Alcance,src/PUB-S20261127-3/assets/PUB-S20261127-3_p01_story.jpg,Pronto,-,Mila (gi-marketing),LOTE_2026_11
PUB-202611-55,19/11/2026,Quinta-feira,09:00,America/Sao_Paulo,Feed,Estático 4:5,Equipamentos,PAX A910 e A920 em movimento,Fale com um licenciado SE7EN PAY,lojistas e licenciados que escolhem o ponto de captura certo para cada negócio,Consideração,Fale com um licenciado SE7EN PAY,Alcance,src/PUB-202611-55/assets/PUB-202611-55_p01_v45.jpg,Pronto,-,Mila (gi-marketing),LOTE_2026_11
PUB-202611-56,19/11/2026,Quinta-feira,12:30,America/Sao_Paulo,Reels,Reels 9:16,Marca e confiança,Segurança e canais oficiais,Acompanhe a SE7EN PAY,"mercado, clientes, licenciados e parceiros",Descoberta,Acompanhe a SE7EN PAY,Alcance,src/PUB-202611-56/assets/PUB-202611-56_p01_reel.mp4,Pronto,-,Mila (gi-marketing),LOTE_2026_11
PUB-202611-57,19/11/2026,Quinta-feira,18:30,America/Sao_Paulo,Feed,Carrossel 4:5,Estabelecimento comercial,Fluxo de pagamento e margem,Fale com um licenciado SE7EN PAY,"lojistas, prestadores de serviço, comércio de bairro e redes",Consideração,Fale com um licenciado SE7EN PAY,Saves,src/PUB-202611-57/assets/PUB-202611-57_p01_v45.jpg,Pronto,-,Mila (gi-marketing),LOTE_2026_11
PUB-S20261119-1,19/11/2026,Quinta-feira,08:30,America/Sao_Paulo,Story,Story 9:16,Estabelecimento comercial,Story: Fluxo de pagamento e margem,Fale com um licenciado SE7EN PAY,"lojistas, prestadores de serviço, comércio de bairro e redes",Consideração,Fale com um licenciado SE7EN PAY,Alcance,src/PUB-S20261119-1/assets/PUB-S20261119-1_p01_story.jpg,Pronto,-,Mila (gi-marketing),LOTE_2026_11
PUB-S20261119-2,19/11/2026,Quinta-feira,13:30,America/Sao_Paulo,Story,Story 9:16,Marca e confiança,Story: Segurança e canais oficiais,Acompanhe a SE7EN PAY,"mercado, clientes, licenciados e parceiros",Descoberta,Acompanhe a SE7EN PAY,Alcance,src/PUB-S20261119-2/assets/PUB-S20261119-2_p01_story.mp4,Pronto,-,Mila (gi-marketing),LOTE_2026_11
PUB-S20261119-3,19/11/2026,Quinta-feira,20:00,America/Sao_Paulo,Story,Story 9:16,Equipamentos,Story: PAX A910 e A920 em movimento,Fale com um licenciado SE7EN PAY,lojistas e licenciados que escolhem o ponto de captura certo para cada negócio,Consideração,Fale com um licenciado SE7EN PAY,Alcance,src/PUB-S20261119-3/assets/PUB-S20261119-3_p01_story.jpg,Pronto,-,Mila (gi-marketing),LOTE_2026_11
